Set,Profile,Konclude_status,More_status,Hermit_status,Fact++_status,TrOWL_status,JFact_status,Konclude_RT,More_RT,Hermit_RT,Fact++_RT,TrOWL_RT,JFact_RT
Train,DL,Correct,Unexpected,Correct,Correct,Unexpected,Correct,1149,0,4025,1546,0,11817
Train,DL,Correct,Correct,Correct,Correct,Correct,Correct,93,397,2782,344,220,4161
Train,DL,Correct,Correct,Correct,Exec_err,Timeout,Timeout,7737,3915,20761,0,0,0
Train,DL,Correct,Correct,Correct,Correct,Correct,Correct,15,651,422,84,121,733
Train,DL,Correct,Correct,Correct,Correct,Unexpected,Exec_err,129,4879,56188,286,0,0
Train,DL,Correct,Correct,Correct,Correct,Unexpected,Exec_err,92,4938,58477,257,0,0
Train,DL,Correct,Timeout,Timeout,Timeout,Unexpected,Timeout,4888,0,0,0,0,0
Train,DL,Correct,Correct,Correct,Timeout,Correct,Timeout,1733,69483,123942,0,2703,0
Train,DL,Correct,Correct,Correct,Correct,Unexpected,Exec_err,96,4785,55769,260,0,0
Train,DL,Correct,Correct,Correct,Correct,Correct,Correct,3,536,330,24,48,127
Train,DL,Correct,Correct,Correct,Timeout,Timeout,Timeout,4368,2529,8190,0,0,0
Train,DL,Correct,Correct,Correct,Correct,Correct,Exec_err,230,2893,3000,166,2594,0
Train,DL,Correct,Correct,Correct,Correct,Correct,Correct,16,309,222,49,74,919
Train,DL,Correct,Unexpected,Correct,Unexpected,Unexpected,Correct,152,0,968,0,0,3168
Train,DL,Correct,Timeout,Timeout,Timeout,Unexpected,Timeout,28163,0,0,0,0,0
Train,DL,Correct,Correct,Correct,Correct,Correct,Correct,48,947,1047,221,284,1272
Train,DL,Correct,Correct,Correct,Correct,Correct,Correct,4,543,277,34,49,153
Train,DL,Correct,Correct,Correct,Correct,Correct,Correct,7,598,472,32,202,184
Train,DL,Correct,Correct,Correct,Timeout,Correct,Timeout,1826,4601,4385,0,6417,0
Train,DL,Correct,Correct,Correct,Correct,Correct,Correct,78,500,573,81,542,618
Train,DL,Correct,Unexpected,Correct,Correct,Correct,Correct,5,0,461,21,53,160
Train,DL,Correct,Correct,Correct,Correct,Unexpected,Correct,3,574,300,39,0,160
Train,DL,Correct,Correct,Correct,Timeout,Correct,Timeout,1417,4211,4445,0,4646,0
Train,DL,Correct,Correct,Correct,Exec_err,Unexpected,Correct,102,1604,1024,0,0,926
Train,DL,Unexpected,Timeout,Timeout,Correct,Correct,Timeout,0,0,0,102163,22188,0
Train,DL,Correct,Correct,Correct,Correct,Correct,Correct,3,450,204,29,48,206
Train,DL,Correct,Correct,Correct,Correct,Correct,Correct,106,500,1173,127,322,1539
Train,DL,Correct,Correct,Correct,Correct,Correct,Correct,8,590,467,32,190,184
Train,DL,Correct,Correct,Correct,Correct,Correct,Timeout,3472,1074,1889,119054,1930,0
Train,DL,Correct,Unexpected,Correct,Correct,Correct,Correct,12,0,1096,66,158,467
Train,DL,Correct,Timeout,Timeout,Exec_err,Timeout,Timeout,19098,0,0,0,0,0
Train,DL,Correct,Correct,Correct,Correct,Correct,Correct,37,476,573,77,216,509
Train,DL,Correct,Correct,Correct,Correct,Correct,Correct,29,465,239,32,29,200
Train,DL,Correct,Unexpected,Correct,Unexpected,Unexpected,Correct,135,0,1505,0,0,3020
Train,DL,Correct,Correct,Correct,Correct,Correct,Correct,4,604,464,32,191,182
Train,DL,Correct,Correct,Correct,Exec_err,Correct,Timeout,3161,36299,30181,0,17792,0
Train,DL,Correct,Correct,Correct,Correct,Correct,Exec_err,217,2864,3083,171,2575,0
Train,DL,Correct,Correct,Correct,Correct,Correct,Correct,4,593,470,32,192,184
Train,DL,Correct,Correct,Correct,Correct,Correct,Correct,14,696,406,55,147,420
Train,DL,Correct,Correct,Correct,Correct,Unexpected,Exec_err,100,4801,58932,258,0,0
Train,DL,Correct,Correct,Correct,Correct,Correct,Correct,459,1075,1113,717,589,39508
Train,DL,Correct,Correct,Correct,Correct,Correct,Correct,98,870,863,535,315,3105
Train,DL,Correct,Correct,Correct,Correct,Correct,Correct,8,593,469,32,192,206
Train,DL,Correct,Correct,Correct,Correct,Correct,Correct,52,647,581,375,528,1298
Train,DL,Correct,Correct,Correct,Exec_err,Correct,Correct,7,538,302,0,90,184
Train,DL,Correct,Correct,Correct,Timeout,Correct,Timeout,1929,5930,5512,0,7902,0
Train,DL,Correct,Correct,Correct,Correct,Correct,Correct,189,628,671,338,335,5832
Train,DL,Correct,Correct,Correct,Correct,Unexpected,Timeout,300,3194,2334,1359,0,0
Train,DL,Correct,Correct,Correct,Correct,Unexpected,Exec_err,93,4805,55706,256,0,0
Train,DL,Correct,Correct,Correct,Correct,Correct,Correct,89,638,587,220,284,2016
Train,DL,Correct,Correct,Correct,Correct,Unexpected,Exec_err,107,4899,57332,261,0,0
Train,DL,Correct,Correct,Correct,Correct,Unexpected,Correct,75,1851,1247,418,0,1940
Train,DL,Correct,Correct,Correct,Correct,Correct,Timeout,2954,1739,2686,5528,3047,0
Train,DL,Correct,Timeout,Timeout,Timeout,Unexpected,Timeout,12193,0,0,0,0,0
Train,DL,Correct,Correct,Correct,Correct,Correct,Exec_err,2,521,276,26,62,0
Train,DL,Correct,Correct,Correct,Timeout,Timeout,Timeout,4843,3065,11078,0,0,0
Train,DL,Unexpected,Timeout,Timeout,Timeout,Correct,Timeout,0,0,0,0,47113,0
Train,DL,Correct,Correct,Correct,Correct,Correct,Correct,22,1003,2209,76,165,476
Train,DL,Correct,Correct,Correct,Correct,Correct,Exec_err,9,408,244,70,94,0
Train,DL,Correct,Timeout,Timeout,Timeout,Unexpected,Timeout,10876,0,0,0,0,0
Train,DL,Correct,Correct,Correct,Correct,Correct,Correct,2,479,238,32,29,125
Train,DL,Correct,Correct,Correct,Correct,Correct,Correct,2,492,246,24,34,122
Train,DL,Correct,Correct,Correct,Correct,Correct,Correct,311,1013,1479,14128,507,64360
Train,DL,Timeout,Timeout,Timeout,Timeout,Correct,Timeout,0,0,0,0,4676,0
Train,DL,Correct,Correct,Correct,Correct,Unexpected,Exec_err,107,5025,53369,245,0,0
Train,DL,Correct,Correct,Correct,Exec_err,Timeout,Timeout,6325,2444,6927,0,0,0
Train,DL,Correct,Correct,Correct,Correct,Correct,Correct,4,594,471,32,191,184
Train,DL,Correct,Correct,Correct,Correct,Correct,Correct,3,594,472,33,182,185
Train,DL,Correct,Correct,Timeout,Timeout,Timeout,Timeout,15430,22435,0,0,0,0
Train,DL,Correct,Unexpected,Correct,Correct,Correct,Timeout,1111,0,7543,3279,1080,0
Train,DL,Correct,Correct,Correct,Correct,Unexpected,Exec_err,93,2692,44231,308,0,0
Train,DL,Timeout,Timeout,Exec_err,Timeout,Correct,Timeout,0,0,0,0,2234,0
Train,DL,Timeout,Timeout,Timeout,Exec_err,Correct,Timeout,0,0,0,0,19425,0
Train,DL,Correct,Correct,Correct,Correct,Correct,Correct,4,617,471,32,197,185
Train,DL,Timeout,Timeout,Timeout,Timeout,Correct,Timeout,0,0,0,0,1936,0
Train,DL,Correct,Correct,Correct,Timeout,Unexpected,Timeout,558,4276,2453,0,0,0
Train,DL,Correct,Correct,Correct,Timeout,Correct,Timeout,2062,5197,7088,0,5780,0
Train,DL,Correct,Correct,Correct,Correct,Correct,Correct,7,621,471,32,193,184
Train,DL,Correct,Correct,Correct,Correct,Correct,Timeout,6019,45222,50602,33509,12523,0
Train,DL,Correct,Correct,Correct,Exec_err,Correct,Timeout,4126,1760,3775,0,3459,0
Train,DL,Correct,Correct,Correct,Correct,Correct,Correct,4,383,175,26,59,135
Train,DL,Correct,Correct,Correct,Correct,Correct,Correct,4,594,468,32,194,187
Train,DL,Correct,Correct,Correct,Correct,Correct,Correct,162,10534,11316,243,388,1413
Train,DL,Correct,Correct,Timeout,Timeout,Correct,Timeout,2304,5151,0,0,5225,0
Train,DL,Correct,Correct,Correct,Correct,Correct,Correct,5,593,466,32,185,186
Train,DL,Correct,Correct,Correct,Correct,Timeout,Timeout,4291,2144,4565,14193,0,0
Train,DL,Correct,Unexpected,Correct,Correct,Unexpected,Correct,1,0,241,21,0,111
Train,DL,Correct,Correct,Correct,Correct,Correct,Timeout,2887,4097,12672,5390,6922,0
Train,DL,Correct,Correct,Correct,Correct,Correct,Correct,2,507,268,23,47,125
Train,DL,Correct,Correct,Correct,Correct,Correct,Correct,4,592,469,32,190,187
Train,DL,Correct,Unexpected,Correct,Correct,Correct,Correct,1502,0,2743,2822,1185,61967
Train,DL,Correct,Correct,Correct,Correct,Correct,Correct,38,580,486,113,150,1027
Train,DL,Correct,Correct,Correct,Timeout,Correct,Timeout,1441,4076,4390,0,4968,0
Train,DL,Correct,Correct,Correct,Correct,Correct,Correct,114,1590,1375,498,674,3358
Train,DL,Correct,Timeout,Timeout,Timeout,Correct,Timeout,27527,0,0,0,4879,0
Train,DL,Exec_err,Timeout,Timeout,Exec_err,Correct,Timeout,0,0,0,0,38372,0
Train,DL,Correct,Correct,Correct,Timeout,Correct,Timeout,1552,4925,4541,0,6411,0
Train,DL,Timeout,Timeout,Timeout,Timeout,Timeout,Timeout,0,0,0,0,0,0
Train,DL,Correct,Correct,Correct,Correct,Correct,Correct,4,601,469,32,196,185
Train,DL,Correct,Correct,Correct,Correct,Correct,Correct,2,338,284,23,42,119
Train,DL,Correct,Timeout,Timeout,Timeout,Correct,Timeout,633,0,0,0,14633,0
Train,DL,Correct,Correct,Correct,Correct,Unexpected,Correct,10,557,321,24,0,217
Train,DL,Correct,Correct,Correct,Correct,Correct,Timeout,3776,1639,3727,57419,3314,0
Train,DL,Timeout,Timeout,Timeout,Timeout,Correct,Timeout,0,0,0,0,5166,0
Train,DL,Correct,Timeout,Timeout,Exec_err,Timeout,Timeout,7658,0,0,0,0,0
Train,DL,Unexpected,Timeout,Timeout,Unexpected,Correct,Exec_err,0,0,0,0,4412,0
Train,DL,Correct,Correct,Correct,Correct,Correct,Correct,5,368,137,25,62,414
Train,DL,Correct,Correct,Correct,Correct,Timeout,Timeout,4122,2299,4453,14456,0,0
Train,DL,Correct,Correct,Correct,Correct,Correct,Correct,3,524,275,22,70,131
Train,DL,Unexpected,Timeout,Timeout,Timeout,Correct,Timeout,0,0,0,0,51968,0
Train,DL,Correct,Correct,Correct,Timeout,Correct,Correct,129,47981,47732,0,5070,2400
Train,DL,Correct,Correct,Correct,Timeout,Unexpected,Timeout,3501,51281,78046,0,0,0
Train,DL,Correct,Correct,Correct,Correct,Unexpected,Correct,51,1091,871,328,0,1318
Train,DL,Correct,Correct,Correct,Correct,Correct,Correct,4,596,468,32,198,184
Train,DL,Correct,Timeout,Timeout,Timeout,Timeout,Timeout,17582,0,0,0,0,0
Train,DL,Correct,Correct,Correct,Correct,Correct,Exec_err,124,4274,11622,112718,262,0
Train,DL,Correct,Correct,Correct,Correct,Correct,Correct,3,539,274,29,53,143
Train,DL,Correct,Correct,Correct,Timeout,Unexpected,Timeout,119,1858,1596,0,0,0
Train,DL,Correct,Correct,Correct,Correct,Correct,Correct,9,604,474,32,200,187
Train,DL,Correct,Timeout,Timeout,Unexpected,Unexpected,Correct,372,0,0,0,0,2088
Train,DL,Exec_err,Timeout,Timeout,Timeout,Correct,Timeout,0,0,0,0,11001,0
Train,DL,Correct,Correct,Correct,Correct,Correct,Correct,4,266,238,22,34,133
Train,DL,Correct,Correct,Correct,Correct,Correct,Timeout,69,610,1214,4090,206,0
Train,DL,Correct,Correct,Correct,Correct,Correct,Correct,161,1807,2060,549,1829,3425
Train,DL,Correct,Timeout,Timeout,Timeout,Correct,Timeout,4271,0,0,0,12233,0
Train,DL,Correct,Correct,Correct,Exec_err,Correct,Unexpected,11,530,315,0,109,0
Train,DL,Correct,Correct,Correct,Correct,Unexpected,Correct,5,399,327,25,0,228
Train,DL,Correct,Timeout,Timeout,Timeout,Correct,Timeout,10848,0,0,0,9945,0
Train,DL,Correct,Correct,Correct,Correct,Unexpected,Exec_err,96,4802,57725,259,0,0
Train,DL,Timeout,Correct,Timeout,Timeout,Correct,Timeout,0,2832,0,0,3140,0
Train,DL,Correct,Correct,Correct,Correct,Correct,Timeout,2857,2523,3488,4917,2498,0
Train,DL,Timeout,Timeout,Timeout,Timeout,Correct,Timeout,0,0,0,0,26937,0
Train,DL,Correct,Correct,Correct,Correct,Correct,Correct,144,9519,9950,230,311,1383
Train,DL,Correct,Correct,Correct,Timeout,Correct,Timeout,2846,2218,3527,0,2817,0
Train,DL,Correct,Correct,Correct,Exec_err,Correct,Correct,125,1210,14566,0,766,121670
Train,DL,Unexpected,Timeout,Timeout,Timeout,Correct,Timeout,0,0,0,0,26277,0
Train,DL,Unexpected,Timeout,Timeout,Timeout,Correct,Timeout,0,0,0,0,102452,0
Train,DL,Correct,Correct,Correct,Correct,Unexpected,Timeout,226,41472,116654,50937,0,0
Train,DL,Correct,Correct,Correct,Correct,Correct,Correct,4,492,256,21,33,104
Train,DL,Correct,Correct,Correct,Correct,Correct,Correct,2012,12570,8852,7446,3649,109447
Train,DL,Correct,Correct,Correct,Correct,Unexpected,Exec_err,292,3581,3531,636,0,0
Train,DL,Correct,Correct,Timeout,Timeout,Correct,Timeout,2507,91668,0,0,4498,0
Train,DL,Timeout,Timeout,Timeout,Timeout,Correct,Timeout,0,0,0,0,6066,0
Train,DL,Correct,Correct,Correct,Correct,Correct,Timeout,4016,735,2982,5027,2182,0
Train,DL,Timeout,Timeout,Timeout,Timeout,Correct,Timeout,0,0,0,0,1959,0
Train,DL,Correct,Correct,Correct,Correct,Unexpected,Exec_err,89,2697,44166,314,0,0
Train,DL,Correct,Correct,Correct,Correct,Correct,Correct,731,2626,2642,76833,1941,103678
Train,DL,Correct,Correct,Correct,Correct,Correct,Timeout,2686,1918,2896,3724,1968,0
Train,DL,Correct,Correct,Correct,Timeout,Correct,Timeout,3112,1768,3044,0,2328,0
Train,DL,Correct,Correct,Correct,Correct,Correct,Correct,472,14716,18161,6036,14431,33730
Train,DL,Correct,Correct,Correct,Correct,Unexpected,Correct,67,2588,7839,166,0,989
Train,DL,Correct,Correct,Correct,Exec_err,Timeout,Timeout,11574,3958,28829,0,0,0
Train,DL,Correct,Correct,Correct,Correct,Unexpected,Exec_err,91,2604,40976,324,0,0
Train,DL,Correct,Correct,Correct,Correct,Correct,Exec_err,5,554,343,31,80,0
Train,DL,Correct,Correct,Correct,Correct,Correct,Timeout,7127,675,3608,39861,2649,0
Train,DL,Unexpected,Timeout,Timeout,Exec_err,Correct,Timeout,0,0,0,0,20128,0
Train,DL,Correct,Correct,Correct,Correct,Unexpected,Exec_err,96,4756,54342,243,0,0
Train,DL,Timeout,Timeout,Timeout,Timeout,Correct,Timeout,0,0,0,0,24086,0
Train,DL,Correct,Correct,Correct,Correct,Correct,Correct,4,593,470,35,199,184
Train,DL,Correct,Correct,Correct,Correct,Correct,Correct,4,596,469,33,182,184
Train,DL,Correct,Correct,Correct,Timeout,Correct,Timeout,429,4433,3546,0,1052,0
Train,DL,Correct,Timeout,Timeout,Timeout,Correct,Exec_err,2216,0,0,0,13786,0
Train,DL,Correct,Correct,Correct,Correct,Correct,Correct,24,1004,2205,89,190,493
Train,DL,Correct,Correct,Correct,Timeout,Timeout,Timeout,3396,139516,100180,0,0,0
Train,DL,Correct,Correct,Correct,Correct,Correct,Correct,203,5253,95650,903,2920,4655
Train,DL,Correct,Unexpected,Correct,Correct,Unexpected,Correct,2,0,252,22,0,120
Train,DL,Correct,Correct,Correct,Correct,Correct,Correct,5,799,473,33,196,185
Train,DL,Correct,Correct,Correct,Correct,Unexpected,Exec_err,98,2604,46650,310,0,0
Train,DL,Correct,Timeout,Timeout,Timeout,Correct,Timeout,10351,0,0,0,1666,0
Train,DL,Correct,Timeout,Timeout,Timeout,Correct,Timeout,3811,0,0,0,11947,0
Train,DL,Correct,Correct,Correct,Correct,Correct,Exec_err,362,3859,5077,184,2254,0
Train,DL,Correct,Correct,Correct,Correct,Unexpected,Exec_err,96,4749,53103,242,0,0
Train,DL,Correct,Correct,Correct,Correct,Unexpected,Exec_err,89,2593,43521,316,0,0
Train,DL,Correct,Correct,Correct,Correct,Correct,Correct,5,577,611,39,106,196
Train,DL,Timeout,Timeout,Timeout,Timeout,Correct,Timeout,0,0,0,0,13381,0
Train,DL,Correct,Timeout,Timeout,Timeout,Correct,Timeout,5587,0,0,0,1776,0
Train,DL,Correct,Correct,Correct,Correct,Correct,Correct,14,413,284,57,95,458
Train,DL,Correct,Correct,Correct,Correct,Correct,Correct,202,862,1064,1395,478,11061
Train,DL,Correct,Correct,Correct,Correct,Correct,Correct,9,595,474,33,205,187
Train,DL,Correct,Correct,Correct,Correct,Correct,Correct,5,597,470,32,194,186
Train,DL,Correct,Timeout,Timeout,Unexpected,Unexpected,Timeout,2332,0,0,0,0,0
Train,DL,Correct,Correct,Correct,Correct,Correct,Timeout,3039,2019,3133,6060,2625,0
Train,DL,Correct,Correct,Correct,Timeout,Correct,Timeout,7586,59580,68699,0,10951,0
Train,DL,Correct,Correct,Correct,Timeout,Correct,Timeout,3228,2006,4582,0,2921,0
Train,DL,Correct,Correct,Correct,Correct,Correct,Correct,408,1646,2077,2147,1631,19223
Train,DL,Correct,Timeout,Timeout,Timeout,Timeout,Timeout,5612,0,0,0,0,0
Train,DL,Correct,Correct,Correct,Correct,Unexpected,Exec_err,107,4711,55059,246,0,0
Train,DL,Correct,Timeout,Timeout,Timeout,Timeout,Timeout,17775,0,0,0,0,0
Train,DL,Correct,Correct,Correct,Exec_err,Correct,Unexpected,12,547,325,0,122,0
Train,DL,Correct,Correct,Correct,Correct,Correct,Correct,3,499,252,23,48,114
Train,DL,Correct,Correct,Correct,Correct,Correct,Correct,11,760,455,48,183,314
Train,DL,Correct,Unexpected,Correct,Correct,Unexpected,Exec_err,99,0,1901,372,0,0
Train,DL,Unexpected,Correct,Timeout,Correct,Unexpected,Exec_err,0,20446,0,1668,0,0
Train,DL,Correct,Timeout,Timeout,Timeout,Correct,Timeout,3040,0,0,0,6547,0
Train,DL,Correct,Correct,Correct,Exec_err,Correct,Timeout,5787,2885,7096,0,7162,0
Train,DL,Correct,Correct,Correct,Correct,Correct,Correct,17,417,228,56,88,381
Train,DL,Correct,Correct,Correct,Correct,Unexpected,Correct,57,2007,6693,152,0,838
Train,DL,Correct,Correct,Correct,Correct,Unexpected,Correct,6,329,289,25,0,194
Train,DL,Correct,Correct,Correct,Correct,Correct,Correct,202,1066,1052,519,487,6167
Train,DL,Correct,Timeout,Timeout,Unexpected,Unexpected,Correct,185,0,0,0,0,3603
Train,DL,Correct,Correct,Correct,Correct,Correct,Unexpected,37,1482,883,68,434,0
Train,DL,Correct,Correct,Correct,Correct,Correct,Correct,4,636,465,32,204,186
Train,DL,Correct,Correct,Correct,Correct,Correct,Correct,24,1115,633,169,166,776
Train,DL,Correct,Correct,Correct,Correct,Correct,Correct,13,934,944,37,168,381
Train,DL,Correct,Correct,Correct,Correct,Correct,Correct,4,605,474,32,184,186
Train,DL,Correct,Correct,Correct,Timeout,Correct,Timeout,1281,45990,82281,0,1994,0
Train,DL,Correct,Correct,Correct,Timeout,Correct,Timeout,2575,8145,8850,0,11593,0
Train,DL,Correct,Correct,Correct,Correct,Unexpected,Exec_err,91,2644,44942,322,0,0
Train,DL,Correct,Correct,Correct,Exec_err,Correct,Timeout,5338,2157,5632,0,3798,0
Train,DL,Correct,Unexpected,Correct,Correct,Unexpected,Correct,606,0,2317,816,0,4174
Train,DL,Correct,Correct,Correct,Correct,Correct,Correct,10,593,471,32,181,186
Train,DL,Correct,Correct,Timeout,Timeout,Correct,Timeout,7920,1512,0,0,1051,0
Train,DL,Correct,Correct,Correct,Correct,Correct,Correct,7,620,469,32,209,183
Train,DL,Correct,Correct,Correct,Correct,Correct,Correct,4,500,273,23,50,136
Train,DL,Correct,Correct,Correct,Correct,Correct,Correct,198,1022,1051,449,3958,5707
Train,DL,Correct,Correct,Correct,Correct,Correct,Correct,9,820,675,61,219,345
Train,DL,Unexpected,Timeout,Timeout,Timeout,Correct,Timeout,0,0,0,0,25366,0
Train,DL,Correct,Unexpected,Correct,Unexpected,Unexpected,Correct,32,0,564,0,0,582
Train,DL,Correct,Correct,Correct,Correct,Correct,Timeout,2729,1721,2851,3737,1949,0
Train,DL,Correct,Timeout,Timeout,Timeout,Timeout,Timeout,20969,0,0,0,0,0
Train,DL,Correct,Correct,Correct,Correct,Correct,Correct,6,593,468,32,192,187
Train,DL,Correct,Correct,Correct,Correct,Correct,Correct,4,605,472,32,194,186
Train,DL,Correct,Timeout,Timeout,Timeout,Correct,Timeout,29429,0,0,0,4994,0
Train,DL,Correct,Correct,Correct,Correct,Correct,Correct,71,508,576,83,539,618
Train,DL,Correct,Correct,Correct,Correct,Correct,Timeout,1202,373,1837,109074,718,0
Train,DL,Correct,Correct,Correct,Correct,Correct,Correct,603,2430,2431,52968,1489,67628
Train,DL,Correct,Timeout,Timeout,Timeout,Correct,Timeout,29570,0,0,0,5191,0
Train,DL,Correct,Timeout,Timeout,Timeout,Unexpected,Timeout,10632,0,0,0,0,0
Train,DL,Correct,Correct,Correct,Timeout,Unexpected,Timeout,991,95031,97132,0,0,0
Train,DL,Correct,Correct,Correct,Exec_err,Correct,Timeout,2186,32953,31804,0,10791,0
Train,DL,Correct,Correct,Timeout,Exec_err,Unexpected,Timeout,6036,144559,0,0,0,0
Train,DL,Correct,Correct,Correct,Correct,Correct,Correct,165,1205,1400,7590,640,21628
Train,DL,Correct,Correct,Correct,Timeout,Correct,Timeout,2328,5842,6342,0,9167,0
Train,DL,Correct,Unexpected,Correct,Correct,Unexpected,Correct,41,0,1180,34,0,467
Train,DL,Correct,Correct,Correct,Correct,Correct,Correct,27,487,404,71,100,18930
Train,DL,Timeout,Timeout,Timeout,Timeout,Exec_err,Timeout,0,0,0,0,0,0
Train,DL,Correct,Correct,Correct,Correct,Correct,Correct,107,510,1054,130,313,1349
Train,DL,Correct,Timeout,Timeout,Timeout,Unexpected,Timeout,4654,0,0,0,0,0
Train,DL,Correct,Correct,Correct,Correct,Correct,Correct,4,588,467,32,193,183
Train,DL,Correct,Correct,Correct,Timeout,Unexpected,Timeout,3494,53525,72446,0,0,0
Train,DL,Correct,Timeout,Timeout,Correct,Unexpected,Timeout,16659,0,0,14792,0,0
Train,DL,Correct,Correct,Correct,Correct,Correct,Correct,2,505,269,26,56,129
Train,DL,Correct,Correct,Correct,Timeout,Correct,Timeout,2882,2177,3653,0,2509,0
Train,DL,Correct,Correct,Correct,Correct,Correct,Timeout,3273,1909,2717,6585,3232,0
Train,DL,Correct,Unexpected,Timeout,Unexpected,Unexpected,Correct,161,0,0,0,0,3147
Train,DL,Correct,Timeout,Timeout,Timeout,Correct,Timeout,30606,0,0,0,4709,0
Train,DL,Correct,Correct,Correct,Correct,Correct,Correct,10,486,324,45,67,307
Train,DL,Correct,Correct,Correct,Exec_err,Timeout,Timeout,8224,2505,5268,0,0,0
Train,DL,Correct,Correct,Correct,Exec_err,Correct,Correct,8,689,659,0,121,265
Train,DL,Correct,Correct,Correct,Correct,Unexpected,Exec_err,98,2584,45539,308,0,0
Train,EL,Correct,Timeout,Timeout,Exec_err,Timeout,Timeout,3749,0,0,0,0,0
Train,EL,Correct,Correct,Correct,Timeout,Correct,Timeout,1598,3820,16013,0,5097,0
Train,EL,Correct,Correct,Correct,Timeout,Correct,Timeout,1154,4623,7395,0,2359,0
Train,EL,Correct,Correct,Correct,Correct,Correct,Correct,24,301,145,29,106,129
Train,EL,Correct,Correct,Correct,Correct,Correct,Correct,3,299,123,28,105,126
Train,EL,Correct,Correct,Correct,Timeout,Correct,Timeout,1880,5453,14696,0,11018,0
Train,EL,Correct,Correct,Correct,Correct,Correct,Timeout,65,1710,21649,219,581,0
Train,EL,Correct,Correct,Correct,Correct,Correct,Correct,101,1167,1206,323,625,2947
Train,EL,Correct,Correct,Correct,Exec_err,Correct,Timeout,1283,2906,18072,0,14968,0
Train,EL,Correct,Correct,Correct,Correct,Correct,Correct,3,408,130,39,45,156
Train,EL,Correct,Correct,Correct,Correct,Correct,Correct,4,333,166,28,77,134
Train,EL,Correct,Correct,Correct,Correct,Correct,Correct,406,2040,2307,1309,1391,31412
Train,EL,Correct,Correct,Correct,Timeout,Correct,Timeout,2463,6968,8064,0,12971,0
Train,EL,Correct,Correct,Correct,Correct,Correct,Correct,4,298,124,29,104,127
Train,EL,Correct,Correct,Correct,Correct,Correct,Correct,22,683,545,115,156,587
Train,EL,Correct,Correct,Correct,Correct,Correct,Correct,9,375,261,89,96,671
Train,EL,Correct,Correct,Correct,Timeout,Correct,Timeout,1720,3335,7120,0,2990,0
Train,EL,Correct,Correct,Correct,Correct,Correct,Correct,8,318,173,24,52,151
Train,EL,Correct,Correct,Correct,Correct,Correct,Correct,4,310,231,28,63,162
Train,EL,Correct,Correct,Correct,Correct,Correct,Timeout,68,1638,23986,220,642,0
Train,EL,Correct,Correct,Correct,Timeout,Correct,Timeout,2790,4551,28114,0,6232,0
Train,EL,Correct,Correct,Correct,Timeout,Correct,Timeout,3682,2203,144123,0,3356,0
Train,EL,Correct,Correct,Timeout,Timeout,Correct,Timeout,13559,71405,0,0,24814,0
Train,EL,Correct,Correct,Correct,Correct,Correct,Correct,5,393,169,55,64,219
Train,EL,Correct,Correct,Correct,Correct,Correct,Correct,19,742,1395,108,202,539
Train,EL,Correct,Correct,Correct,Correct,Correct,Correct,5,324,130,31,58,165
Train,EL,Correct,Correct,Correct,Correct,Correct,Correct,125,1543,2103,725,631,6954
Train,EL,Correct,Correct,Correct,Timeout,Correct,Timeout,4638,2781,132107,0,2910,0
Train,EL,Correct,Correct,Correct,Correct,Correct,Correct,3,302,123,28,106,127
Train,EL,Correct,Correct,Correct,Correct,Correct,Correct,9,476,359,67,122,394
Train,EL,Correct,Correct,Correct,Correct,Correct,Correct,3,306,126,29,105,127
Train,EL,Correct,Correct,Correct,Correct,Correct,Correct,9,296,124,29,106,128
Train,EL,Correct,Correct,Correct,Correct,Correct,Correct,3,295,123,29,107,127
Train,EL,Correct,Correct,Correct,Timeout,Correct,Timeout,59,931,4071,0,497,0
Train,EL,Correct,Correct,Correct,Correct,Correct,Correct,29,774,852,193,258,1318
Train,EL,Correct,Correct,Correct,Correct,Correct,Correct,443,1801,2281,1919,1333,27347
Train,EL,Correct,Correct,Correct,Correct,Correct,Correct,320,1534,2201,1162,1327,12918
Train,EL,Correct,Correct,Timeout,Timeout,Timeout,Timeout,10142,22946,0,0,0,0
Train,EL,Correct,Correct,Correct,Correct,Correct,Correct,3,298,123,29,105,129
Train,EL,Correct,Correct,Correct,Correct,Correct,Correct,50,933,879,249,368,1194
Train,EL,Correct,Correct,Correct,Correct,Correct,Correct,444,2141,2581,21422,1678,62521
Train,EL,Correct,Correct,Correct,Correct,Correct,Correct,73,1550,18565,257,689,39554
Train,EL,Correct,Correct,Correct,Timeout,Correct,Timeout,1435,3432,15704,0,4309,0
Train,EL,Correct,Correct,Correct,Correct,Correct,Correct,50,1097,1007,213,457,1293
Train,EL,Correct,Correct,Correct,Correct,Correct,Correct,2,331,145,30,57,155
Train,EL,Correct,Correct,Correct,Correct,Correct,Correct,287,1611,1986,1109,1391,11938
Train,EL,Correct,Correct,Correct,Correct,Correct,Correct,24,420,3063,60,78,587
Train,EL,Correct,Correct,Correct,Correct,Correct,Correct,1162,3138,10893,3906,4001,89700
Train,EL,Correct,Correct,Correct,Correct,Correct,Correct,3,303,125,25,56,146
Train,EL,Correct,Correct,Correct,Correct,Correct,Timeout,2083,3992,59207,90509,7666,0
Train,EL,Correct,Correct,Correct,Timeout,Correct,Timeout,198,1638,8726,0,1800,0
Train,EL,Correct,Correct,Correct,Correct,Correct,Correct,106,1422,1712,744,501,7224
Train,EL,Correct,Correct,Correct,Correct,Correct,Correct,101,1002,1347,3042,459,6341
Train,EL,Correct,Correct,Correct,Correct,Correct,Correct,366,1717,2121,1103,1449,13132
Train,EL,Correct,Correct,Correct,Correct,Correct,Timeout,1712,4438,15184,6507,12299,0
Train,EL,Correct,Correct,Correct,Correct,Correct,Correct,3,298,124,28,105,127
Train,EL,Correct,Correct,Correct,Correct,Correct,Correct,401,1493,1756,1464,571,19197
Train,EL,Correct,Correct,Correct,Timeout,Correct,Timeout,6347,30255,36634,0,6696,0
Train,EL,Correct,Correct,Correct,Correct,Correct,Correct,305,1596,1954,1853,595,27001
Train,EL,Correct,Correct,Correct,Correct,Correct,Correct,100,1075,1088,372,497,2404
Train,EL,Correct,Correct,Correct,Correct,Correct,Correct,17,587,495,103,148,605
Train,EL,Correct,Correct,Correct,Correct,Correct,Correct,8,426,259,51,107,267
Train,EL,Correct,Correct,Correct,Correct,Correct,Correct,540,1997,2641,1780,1910,66485
Train,EL,Correct,Correct,Correct,Correct,Correct,Timeout,1098,3119,8142,92578,4049,0
Train,EL,Correct,Correct,Correct,Correct,Correct,Correct,362,1242,1085,335,930,1640
Train,EL,Correct,Correct,Correct,Correct,Correct,Correct,5,435,290,56,76,368
Train,EL,Correct,Correct,Correct,Correct,Correct,Correct,118,1354,1506,486,714,3696
Train,EL,Correct,Correct,Correct,Timeout,Correct,Timeout,1636,4411,11775,0,8039,0
Train,EL,Correct,Correct,Correct,Correct,Correct,Correct,2,330,124,30,94,148
Train,EL,Correct,Correct,Correct,Correct,Correct,Correct,3,302,124,29,105,127
Train,EL,Correct,Correct,Correct,Correct,Correct,Correct,517,1876,2176,1577,1418,16192
Train,EL,Correct,Correct,Correct,Correct,Correct,Timeout,66,1816,24072,224,647,0
Train,EL,Correct,Correct,Correct,Correct,Correct,Correct,335,2276,1876,11521,636,12764
Train,EL,Correct,Correct,Correct,Correct,Correct,Correct,117,1309,1257,345,570,2756
Train,EL,Correct,Correct,Correct,Correct,Correct,Correct,4,330,122,29,106,126
Train,EL,Correct,Correct,Correct,Correct,Correct,Correct,3,293,97,22,37,115
Train,EL,Correct,Correct,Correct,Correct,Correct,Correct,12,539,432,94,125,507
Train,EL,Correct,Correct,Correct,Correct,Correct,Correct,3,294,123,29,105,128
Train,EL,Correct,Correct,Correct,Correct,Correct,Correct,114,1278,1729,599,528,5762
Train,EL,Correct,Correct,Correct,Correct,Correct,Correct,342,1338,1118,315,522,1642
Train,EL,Correct,Correct,Correct,Correct,Correct,Correct,14,559,494,121,126,607
Train,EL,Correct,Correct,Correct,Correct,Correct,Correct,9,518,424,73,137,576
Train,EL,Correct,Correct,Correct,Correct,Correct,Correct,63,1702,23739,222,591,12314
Train,EL,Correct,Correct,Correct,Correct,Correct,Correct,970,2954,6282,2383,2815,79067
Train,EL,Correct,Correct,Correct,Timeout,Timeout,Timeout,1820,891,45771,0,0,0
Train,EL,Correct,Correct,Correct,Correct,Correct,Correct,80,1222,1230,376,633,1819
Train,EL,Correct,Correct,Correct,Correct,Correct,Correct,15,566,469,110,139,462
Train,EL,Correct,Correct,Correct,Correct,Correct,Correct,21,639,562,122,170,704
Train,EL,Correct,Correct,Correct,Correct,Correct,Timeout,5956,10124,16538,13229,76481,0
Train,EL,Correct,Correct,Correct,Correct,Correct,Correct,13,569,497,86,171,522
Train,EL,Correct,Correct,Correct,Correct,Correct,Correct,100,1198,1539,505,441,3583
Train,EL,Correct,Correct,Correct,Correct,Correct,Correct,130,1538,1587,586,504,3290
Train,EL,Correct,Correct,Correct,Correct,Correct,Correct,85,1584,19049,258,695,40361
Train,EL,Correct,Correct,Correct,Correct,Correct,Correct,75,1522,19161,258,686,39707
Train,EL,Correct,Correct,Correct,Correct,Correct,Correct,4,351,177,38,66,181
Train,EL,Correct,Correct,Correct,Correct,Correct,Correct,11,499,332,77,121,495
Train,EL,Correct,Correct,Correct,Correct,Correct,Correct,2,289,113,25,38,133
Train,EL,Correct,Correct,Correct,Correct,Correct,Correct,411,2214,2883,39307,965,57215
Train,EL,Correct,Correct,Correct,Correct,Correct,Correct,383,1624,2994,2784,836,60575
Train,EL,Correct,Correct,Correct,Timeout,Correct,Timeout,11445,14421,110188,0,26520,0
Train,EL,Correct,Correct,Correct,Correct,Correct,Correct,32,747,731,177,269,921
Train,EL,Correct,Correct,Correct,Correct,Correct,Correct,25,847,2417,143,216,653
Train,EL,Correct,Correct,Correct,Correct,Correct,Correct,16,642,555,116,159,665
Train,EL,Correct,Correct,Correct,Correct,Correct,Correct,4,330,186,30,83,142
Train,EL,Correct,Correct,Correct,Correct,Correct,Correct,6,299,124,28,105,126
Train,EL,Correct,Correct,Correct,Correct,Correct,Correct,7,330,139,25,64,148
Train,EL,Correct,Correct,Correct,Correct,Correct,Correct,3,315,136,23,44,284
Train,EL,Correct,Correct,Correct,Correct,Correct,Correct,29,511,428,88,720,695
Train,EL,Correct,Correct,Correct,Correct,Correct,Correct,166,1483,2875,2509,870,7532
Train,EL,Correct,Correct,Correct,Timeout,Correct,Timeout,1428,3763,15496,0,4956,0
Train,EL,Correct,Correct,Correct,Correct,Correct,Correct,9,413,269,48,88,339
Train,EL,Correct,Correct,Correct,Correct,Correct,Correct,132,1260,1269,423,638,3139
Train,EL,Correct,Correct,Correct,Correct,Correct,Correct,73,307,251,156,130,1155
Train,EL,Correct,Correct,Correct,Correct,Correct,Correct,4,302,123,28,106,126
Train,EL,Correct,Correct,Correct,Timeout,Correct,Timeout,1495,4077,5786,0,7345,0
Train,EL,Correct,Correct,Correct,Timeout,Correct,Timeout,740,2317,7086,0,6256,0
Train,EL,Correct,Correct,Correct,Correct,Correct,Correct,821,2471,4404,7496,1921,54620
Train,EL,Correct,Correct,Correct,Correct,Correct,Correct,3,293,123,29,105,127
Train,EL,Correct,Correct,Correct,Correct,Correct,Correct,1170,2995,13675,28772,3625,128951
Train,EL,Correct,Correct,Correct,Correct,Correct,Correct,22,672,574,126,166,658
Train,EL,Correct,Correct,Correct,Correct,Correct,Correct,38,884,808,419,227,1207
Train,EL,Correct,Correct,Correct,Timeout,Correct,Timeout,1855,4803,6178,0,9878,0
Train,EL,Correct,Correct,Correct,Correct,Correct,Correct,238,1915,2217,2309,650,6455
Train,EL,Correct,Correct,Correct,Correct,Correct,Correct,1166,2851,13715,28762,3685,128918
Train,EL,Correct,Correct,Correct,Correct,Correct,Correct,331,1734,2043,1065,1295,12230
Train,EL,Correct,Correct,Correct,Correct,Correct,Correct,17,734,1363,107,198,535
Train,EL,Correct,Correct,Correct,Correct,Correct,Correct,239,1562,1774,1358,531,20642
Train,EL,Correct,Correct,Correct,Correct,Correct,Correct,128,1379,1374,2414,402,4268
Train,EL,Correct,Correct,Correct,Timeout,Correct,Timeout,1933,5125,71110,0,6222,0
Train,EL,Correct,Correct,Correct,Correct,Correct,Correct,9,474,358,72,142,366
Train,EL,Correct,Correct,Correct,Correct,Correct,Correct,3,292,123,29,107,126
Train,EL,Correct,Correct,Correct,Correct,Correct,Correct,17,611,555,118,162,664
Train,EL,Correct,Correct,Timeout,Timeout,Correct,Timeout,20159,9578,0,0,11485,0
Train,EL,Correct,Correct,Correct,Correct,Correct,Correct,3,355,158,33,79,227
Train,EL,Correct,Correct,Correct,Correct,Correct,Timeout,1680,3983,13081,3414,8501,0
Train,EL,Correct,Correct,Correct,Correct,Correct,Correct,1009,3372,6047,2374,2768,76628
Train,EL,Correct,Correct,Correct,Correct,Correct,Correct,33,370,263,82,101,544
Train,EL,Correct,Correct,Correct,Timeout,Correct,Timeout,1735,4243,11541,0,7761,0
Train,EL,Correct,Correct,Correct,Correct,Correct,Correct,15,408,280,67,92,353
Train,EL,Correct,Correct,Correct,Correct,Correct,Correct,2,307,93,28,73,118
Train,EL,Correct,Correct,Correct,Correct,Correct,Correct,283,1603,2067,1641,705,23167
Train,EL,Correct,Timeout,Timeout,Timeout,Correct,Timeout,5831,0,0,0,44762,0
Train,EL,Correct,Correct,Correct,Correct,Correct,Correct,133,1597,2280,813,642,8530
Train,EL,Correct,Correct,Correct,Correct,Correct,Correct,43,452,421,131,432,622
Train,EL,Correct,Correct,Correct,Correct,Correct,Correct,109,1224,1763,597,449,5591
Train,EL,Correct,Correct,Correct,Correct,Correct,Timeout,1344,3856,12198,3176,7770,0
Train,EL,Correct,Correct,Correct,Correct,Correct,Correct,94,1136,1163,302,573,2027
Train,EL,Correct,Correct,Correct,Correct,Correct,Correct,12,463,478,36,104,376
Train,EL,Correct,Correct,Correct,Correct,Correct,Correct,3,294,123,28,106,128
Train,EL,Correct,Correct,Timeout,Timeout,Timeout,Exec_err,12378,8737,0,0,0,0
Train,EL,Correct,Correct,Correct,Correct,Correct,Correct,53,998,946,251,366,1169
Train,EL,Correct,Correct,Correct,Correct,Correct,Correct,281,1783,1622,788,1133,13799
Train,EL,Correct,Correct,Correct,Correct,Correct,Correct,84,1515,19282,255,681,39796
Train,EL,Correct,Correct,Correct,Correct,Correct,Correct,234,1528,1767,1185,623,16539
Train,EL,Correct,Correct,Correct,Correct,Correct,Correct,693,2400,3707,1280,1869,40046
Train,EL,Correct,Correct,Correct,Correct,Correct,Timeout,1324,3828,11982,3156,7773,0
Train,EL,Correct,Correct,Timeout,Timeout,Correct,Timeout,3150,10233,0,0,16415,0
Train,EL,Correct,Correct,Correct,Correct,Correct,Correct,4,360,127,25,41,152
Train,EL,Correct,Correct,Correct,Correct,Correct,Correct,61,1064,1032,319,468,1171
Train,EL,Correct,Correct,Correct,Correct,Correct,Correct,6,322,143,36,79,215
Train,EL,Correct,Correct,Correct,Correct,Correct,Correct,65,1781,23893,218,587,12245
Train,EL,Correct,Correct,Correct,Correct,Correct,Correct,6,446,280,54,72,344
Train,EL,Correct,Correct,Correct,Correct,Correct,Correct,473,2416,2500,877,2308,37302
Train,EL,Correct,Correct,Correct,Correct,Correct,Correct,4,298,123,28,105,127
Train,EL,Correct,Correct,Correct,Correct,Correct,Correct,2,493,254,21,42,111
Train,EL,Correct,Correct,Correct,Correct,Correct,Correct,577,2341,2857,51021,2140,69302
Train,EL,Correct,Correct,Correct,Correct,Correct,Correct,3,308,106,29,129,136
Train,EL,Correct,Correct,Correct,Timeout,Correct,Timeout,1614,3933,16331,0,5105,0
Train,EL,Correct,Correct,Correct,Correct,Correct,Correct,90,441,520,116,101,793
Train,EL,Correct,Correct,Correct,Correct,Correct,Correct,748,628,837,29991,818,123768
Train,EL,Correct,Correct,Correct,Correct,Correct,Correct,17,420,359,32,95,384
Train,EL,Correct,Correct,Correct,Timeout,Correct,Timeout,2305,3962,18995,0,4554,0
Train,EL,Correct,Correct,Correct,Correct,Correct,Correct,8,306,124,36,74,233
Train,EL,Correct,Correct,Correct,Correct,Correct,Correct,3,351,111,35,119,145
Train,EL,Correct,Correct,Correct,Correct,Correct,Correct,12,523,417,85,143,478
Train,EL,Correct,Correct,Correct,Timeout,Correct,Timeout,1684,3390,7938,0,3200,0
Train,EL,Correct,Correct,Timeout,Correct,Correct,Correct,145,3869,0,618,1875,24325
Train,EL,Correct,Correct,Correct,Correct,Correct,Timeout,907,3201,11303,31606,2147,0
Train,EL,Correct,Correct,Correct,Correct,Correct,Correct,50,1108,4233,190,356,950
Train,EL,Correct,Correct,Correct,Correct,Correct,Correct,2,285,84,21,45,113
Train,EL,Correct,Correct,Correct,Correct,Correct,Timeout,1866,3987,15813,5084,6424,0
Train,EL,Correct,Correct,Correct,Correct,Correct,Correct,39,973,782,225,365,1094
Train,EL,Correct,Correct,Correct,Correct,Correct,Correct,12,534,379,93,124,389
Train,EL,Correct,Correct,Correct,Correct,Correct,Correct,4,298,123,28,106,127
Train,EL,Correct,Correct,Correct,Correct,Correct,Correct,28,909,3922,154,242,737
Train,EL,Correct,Correct,Correct,Correct,Correct,Timeout,72,1701,23538,221,591,0
Train,EL,Correct,Correct,Correct,Correct,Correct,Correct,8,500,359,63,124,424
Train,EL,Correct,Correct,Correct,Correct,Correct,Correct,37,1016,835,163,386,1048
Train,EL,Correct,Correct,Timeout,Timeout,Correct,Timeout,19093,8184,0,0,13360,0
Train,EL,Exec_err,Correct,Correct,Correct,Correct,Timeout,0,26833,31547,30311,4040,0
Train,EL,Correct,Correct,Correct,Correct,Correct,Correct,8,389,219,43,82,223
Train,EL,Correct,Correct,Correct,Correct,Correct,Timeout,73,1870,21611,220,577,0
Train,EL,Correct,Correct,Correct,Correct,Correct,Correct,44,1074,958,284,413,1345
Train,EL,Correct,Correct,Correct,Correct,Correct,Correct,67,1726,23626,226,583,12239
Train,EL,Correct,Correct,Correct,Correct,Correct,Correct,12,538,376,73,106,460
Train,EL,Correct,Correct,Correct,Correct,Correct,Correct,1183,3437,13908,29063,3756,131843
Train,EL,Correct,Correct,Correct,Correct,Correct,Correct,301,1786,2730,3774,1185,11235
Train,EL,Correct,Correct,Correct,Correct,Correct,Correct,4,424,143,42,49,192
Train,EL,Correct,Correct,Correct,Correct,Correct,Correct,8,448,350,59,90,337
Train,EL,Correct,Correct,Correct,Correct,Correct,Correct,2,297,124,29,106,127
Train,EL,Correct,Correct,Correct,Timeout,Correct,Timeout,2519,5744,40736,0,22096,0
Train,EL,Correct,Correct,Correct,Correct,Correct,Correct,55,624,654,371,531,1315
Train,EL,Correct,Correct,Correct,Correct,Correct,Correct,5,303,123,29,105,127
Train,EL,Correct,Correct,Timeout,Timeout,Correct,Timeout,12074,4868,0,0,7828,0
Train,EL,Correct,Correct,Correct,Timeout,Correct,Exec_err,1674,3448,7060,0,3244,0
Train,EL,Correct,Correct,Correct,Correct,Correct,Correct,387,1867,2517,866,1189,11068
Train,EL,Correct,Correct,Correct,Correct,Correct,Timeout,2472,1177,2038,1491,1101,0
Train,EL,Correct,Correct,Correct,Correct,Correct,Correct,34,319,289,108,668,622
Train,EL,Correct,Correct,Correct,Correct,Correct,Correct,499,1818,2132,1559,1348,15910
Train,EL,Correct,Correct,Correct,Correct,Correct,Correct,5,294,123,28,105,126
Train,EL,Correct,Correct,Correct,Correct,Correct,Correct,28,341,309,105,157,573
Train,EL,Correct,Correct,Correct,Timeout,Correct,Timeout,7815,7876,77865,0,14669,0
Train,EL,Correct,Correct,Correct,Correct,Correct,Timeout,1775,4012,13586,3947,9351,0
Train,EL,Correct,Correct,Correct,Correct,Correct,Correct,3,330,139,36,58,173
Train,EL,Correct,Correct,Correct,Correct,Correct,Correct,3,297,125,28,107,128
Train,EL,Correct,Correct,Correct,Correct,Correct,Correct,73,1179,1135,820,387,2232
Train,EL,Correct,Correct,Correct,Correct,Correct,Correct,395,1968,2768,10865,1348,29409
Train,EL,Correct,Correct,Correct,Correct,Correct,Correct,54,1008,920,274,440,1100
Train,EL,Correct,Correct,Correct,Correct,Correct,Correct,29,675,742,314,168,1056
Train,EL,Correct,Correct,Correct,Correct,Correct,Timeout,68,1744,23545,220,584,0
Train,EL,Correct,Correct,Correct,Correct,Correct,Correct,3,300,123,29,107,126
Train,EL,Correct,Correct,Correct,Correct,Correct,Correct,6,295,124,29,105,125
Train,EL,Correct,Correct,Correct,Correct,Correct,Correct,7,435,291,60,100,349
Train,EL,Correct,Correct,Correct,Correct,Exec_err,Correct,758,2095,71164,43235,0,128545
Train,EL,Correct,Correct,Correct,Correct,Correct,Timeout,2864,7545,39960,41636,18701,0
Train,EL,Correct,Correct,Correct,Correct,Correct,Correct,73,1103,916,280,605,1144
Train,EL,Correct,Correct,Correct,Timeout,Correct,Timeout,2215,5795,21161,0,12568,0
Train,EL,Correct,Correct,Timeout,Correct,Correct,Exec_err,354,23430,0,4730,6726,0
Train,EL,Correct,Correct,Correct,Correct,Correct,Correct,101,1379,1712,597,496,5696
Train,EL,Correct,Correct,Correct,Correct,Correct,Correct,3,299,100,22,39,114
Train,EL,Correct,Correct,Correct,Timeout,Correct,Timeout,1527,4983,13838,0,7482,0
Train,EL,Correct,Correct,Correct,Correct,Correct,Correct,278,1678,1996,1665,689,22914
Train,EL,Correct,Correct,Correct,Correct,Correct,Correct,5,319,130,28,50,146
Train,EL,Correct,Correct,Correct,Correct,Correct,Correct,217,1356,1110,345,532,1770
Train,EL,Correct,Correct,Correct,Correct,Correct,Correct,120,1438,1639,577,501,3308
Train,EL,Correct,Correct,Correct,Timeout,Correct,Timeout,1368,3929,12458,0,5767,0
Train,EL,Correct,Correct,Correct,Correct,Timeout,Correct,2805,3704,2488,2920,0,20031
Train,EL,Correct,Correct,Timeout,Timeout,Timeout,Timeout,4353,1981,0,0,0,0
Train,EL,Correct,Correct,Correct,Correct,Correct,Timeout,63,1720,21731,222,569,0
Train,EL,Correct,Correct,Correct,Correct,Correct,Timeout,893,3172,3476,141255,3107,0
Train,EL,Correct,Correct,Correct,Correct,Correct,Timeout,1452,8034,4013,34021,26935,0
Train,EL,Correct,Correct,Correct,Correct,Correct,Timeout,1358,3795,12015,3140,7760,0
Train,EL,Correct,Correct,Correct,Correct,Correct,Correct,1352,6587,5837,34816,1591,36920
Train,EL,Correct,Correct,Correct,Correct,Correct,Timeout,64,1773,23646,219,643,0
Train,EL,Correct,Correct,Correct,Timeout,Correct,Timeout,1342,4066,5258,0,5926,0
Train,EL,Correct,Correct,Correct,Correct,Correct,Correct,1375,4731,6660,7451,3429,111644
Train,EL,Correct,Correct,Correct,Correct,Correct,Correct,703,2125,2517,1529,2153,18147
Train,EL,Correct,Correct,Correct,Correct,Correct,Correct,59,844,2616,9825,1083,15672
Train,EL,Correct,Correct,Timeout,Timeout,Correct,Timeout,4617,2329,0,0,4313,0
Train,EL,Correct,Correct,Correct,Correct,Correct,Correct,68,1669,24326,219,602,12844
Train,EL,Correct,Correct,Correct,Correct,Correct,Correct,1138,2818,6828,3958,3236,78472
Train,EL,Correct,Correct,Correct,Correct,Correct,Correct,7,404,251,52,88,248
Train,EL,Correct,Correct,Correct,Timeout,Correct,Timeout,4078,2111,130818,0,3487,0
Train,EL,Correct,Correct,Correct,Correct,Correct,Timeout,1338,3690,12242,3164,6509,0
Train,EL,Correct,Correct,Timeout,Timeout,Correct,Timeout,15697,5168,0,0,10064,0
Train,EL,Correct,Correct,Correct,Timeout,Correct,Timeout,1716,4166,16994,0,4750,0
Train,EL,Correct,Correct,Correct,Correct,Correct,Timeout,1500,3493,10125,4089,6090,0
Train,EL,Correct,Correct,Correct,Correct,Correct,Correct,11,448,286,74,100,314
Train,EL,Correct,Correct,Correct,Correct,Correct,Correct,2,317,180,23,51,121
Train,EL,Correct,Correct,Correct,Correct,Correct,Correct,9,477,330,57,121,426
Train,EL,Correct,Correct,Correct,Timeout,Correct,Timeout,4048,2495,128718,0,3155,0
Train,EL,Correct,Correct,Correct,Correct,Correct,Correct,105,1386,1587,528,454,4568
Train,EL,Correct,Correct,Correct,Correct,Correct,Correct,52,347,368,168,1075,781
Train,EL,Correct,Correct,Correct,Correct,Correct,Correct,14,585,570,120,206,690
Train,EL,Correct,Correct,Correct,Correct,Correct,Timeout,1401,3646,12091,3141,6601,0
Train,EL,Correct,Correct,Correct,Correct,Correct,Correct,3379,3113,80141,15106,2849,43462
Train,EL,Correct,Correct,Correct,Correct,Correct,Correct,19,392,1698,65,211,425
Train,EL,Correct,Correct,Correct,Correct,Correct,Correct,13,304,190,52,341,347
Train,EL,Correct,Correct,Correct,Timeout,Correct,Timeout,140,1243,1410,0,701,0
Train,EL,Correct,Correct,Correct,Timeout,Correct,Timeout,605,2620,2712,0,3357,0
Train,EL,Correct,Correct,Correct,Correct,Correct,Correct,4,361,246,37,54,189
Train,EL,Correct,Correct,Correct,Correct,Correct,Correct,154,1715,1943,16294,662,20757
Train,EL,Correct,Correct,Correct,Correct,Timeout,Timeout,14512,24856,55198,33301,0,0
Train,EL,Correct,Correct,Correct,Correct,Correct,Correct,67,1258,1195,387,672,1789
Train,EL,Correct,Correct,Correct,Correct,Correct,Correct,37,762,751,160,273,936
Train,EL,Correct,Correct,Correct,Correct,Correct,Correct,10,590,388,80,142,435
Train,EL,Correct,Correct,Correct,Correct,Correct,Correct,2,292,123,28,106,128
Train,EL,Correct,Correct,Correct,Timeout,Correct,Timeout,1919,5053,20205,0,10304,0
Train,EL,Correct,Correct,Correct,Correct,Correct,Correct,2,320,103,29,92,124
Train,EL,Correct,Correct,Correct,Correct,Correct,Correct,2,311,93,24,30,142
Train,EL,Correct,Correct,Correct,Correct,Correct,Correct,3,309,125,29,108,128
Train,EL,Correct,Correct,Correct,Correct,Correct,Correct,3,326,128,26,94,127
Train,EL,Correct,Correct,Correct,Timeout,Timeout,Timeout,3375,5943,23671,0,0,0
Train,EL,Timeout,Correct,Timeout,Timeout,Timeout,Timeout,0,35270,0,0,0,0
Train,EL,Correct,Correct,Correct,Correct,Correct,Correct,145,1537,1636,15787,655,28641
Train,EL,Correct,Correct,Correct,Correct,Correct,Correct,336,1916,1894,685,1179,13861
Train,EL,Correct,Correct,Correct,Timeout,Correct,Timeout,1897,4313,24715,0,8877,0
Train,EL,Correct,Correct,Correct,Correct,Correct,Correct,292,1535,2141,1651,692,23052
Train,EL,Correct,Correct,Correct,Correct,Correct,Correct,80,1530,18974,256,692,39826
Train,EL,Correct,Correct,Correct,Correct,Correct,Correct,297,1745,2500,2085,1034,31375
Train,EL,Correct,Correct,Correct,Correct,Correct,Correct,2283,3248,3094,2350,1085,7880
Train,EL,Correct,Correct,Correct,Correct,Correct,Correct,7,428,301,58,98,343
Train,EL,Correct,Correct,Correct,Correct,Correct,Correct,453,1683,2178,1821,1189,28428
Train,EL,Correct,Correct,Correct,Correct,Correct,Correct,1,294,108,23,43,118
Train,EL,Correct,Correct,Correct,Correct,Correct,Correct,2,300,113,25,44,125
Train,EL,Correct,Correct,Correct,Correct,Correct,Correct,278,1504,1991,1119,1335,11746
Train,EL,Correct,Correct,Correct,Correct,Correct,Correct,3,292,123,29,106,128
Train,EL,Correct,Correct,Correct,Correct,Correct,Correct,3,301,123,28,106,127
Train,EL,Correct,Correct,Timeout,Timeout,Correct,Timeout,14081,77005,0,0,71679,0
Train,EL,Correct,Correct,Correct,Correct,Correct,Timeout,62,1693,21673,223,571,0
Test,DL,Correct,Correct,Correct,Correct,Correct,Correct,29,2175,3975,72,222,558
Test,DL,Correct,Timeout,Timeout,Exec_err,Exec_err,Timeout,54727,0,0,0,0,0
Test,DL,Correct,Correct,Timeout,Exec_err,Exec_err,Timeout,6298,2825,6451,0,0,0
Test,DL,Correct,Correct,Timeout,Timeout,Timeout,Timeout,2996,2038,5046,0,2735,0
Test,DL,Correct,Correct,Timeout,Correct,Correct,Timeout,4170,2597,4892,19270,0,0
Test,DL,Correct,Timeout,Timeout,Timeout,Timeout,Timeout,25594,0,0,0,0,0
Test,DL,Correct,Correct,Correct,Correct,Correct,Correct,28,544,427,92,146,773
Test,DL,Correct,Correct,Timeout,Correct,Correct,Timeout,4265,2178,3965,21670,3980,0
Test,DL,Correct,Correct,Timeout,Exec_err,Exec_err,Timeout,8998,2678,10687,0,5960,0
Test,DL,Correct,Correct,Correct,Correct,Correct,Correct,495,14739,17359,6074,14319,34640
Test,DL,Correct,Correct,Timeout,Correct,Correct,Timeout,2814,3668,12552,5441,7031,0
Test,DL,Correct,Correct,Timeout,Timeout,Timeout,Timeout,7761,6301,42038,0,22315,0
Test,DL,Correct,Timeout,Exec_err,Exec_err,Exec_err,Exec_err,9313,0,0,0,0,0
Test,DL,Correct,Correct,Timeout,Exec_err,Exec_err,Timeout,7629,4030,19956,0,0,0
Test,DL,Correct,Correct,Timeout,Timeout,Timeout,Timeout,4814,2543,11255,0,0,0
Test,DL,Correct,Correct,Timeout,Correct,Correct,Timeout,2768,1231,1740,9876,0,0
Test,DL,Correct,Correct,Timeout,Correct,Correct,Timeout,3346,1176,2064,97932,1701,0
Test,DL,Correct,Correct,Correct,Correct,Correct,Correct,175,709,753,931,330,9327
Test,DL,Correct,Timeout,Timeout,Timeout,Timeout,Timeout,14460,0,0,0,0,0
Test,DL,Correct,Correct,Timeout,Exec_err,Exec_err,Timeout,7292,4937,12372,0,7618,0
Test,DL,Correct,Correct,Correct,Correct,Correct,Correct,90,601,575,187,250,1913
Test,DL,Correct,Correct,Timeout,Exec_err,Exec_err,Timeout,7928,8199,16374,0,0,0
Test,DL,Correct,Correct,Correct,Correct,Correct,Correct,588,2630,2788,31220,27208,79267
Test,DL,Correct,Correct,Correct,Correct,Correct,Correct,115,861,891,458,301,3164
Test,DL,Correct,Timeout,Timeout,Timeout,Timeout,Timeout,7989,0,0,0,19213,0
Test,DL,Correct,Correct,Timeout,Correct,Correct,Timeout,335,48131,73642,81827,1282,0
Test,DL,Correct,Correct,Correct,Correct,Correct,Correct,1292,394,1805,6440,774,58618
Test,DL,Correct,Correct,Correct,Correct,Correct,Correct,45,1196,883,273,517,1228
Test,DL,Correct,Correct,Timeout,Correct,Correct,Timeout,2879,4068,12339,5393,6954,0
Test,DL,Correct,Correct,Correct,Correct,Correct,Correct,97,941,901,298,418,2417
Test,DL,Correct,Correct,Correct,Correct,Correct,Correct,1,309,91,20,31,111
Test,DL,Correct,Correct,Timeout,Timeout,Timeout,Timeout,148,4066,4795,0,2071,0
Test,DL,Correct,Correct,Correct,Correct,Correct,Correct,7,454,1053,33,87,248
Test,DL,Correct,Correct,Correct,Correct,Correct,Correct,4,590,459,33,194,181
Test,DL,Correct,Correct,Correct,Correct,Correct,Correct,12,1525,864,52,159,317
Test,DL,Correct,Correct,Unexpected,Unexpected,Unexpected,Unexpected,92,6112,15144,0,609,0
Test,DL,Correct,Correct,Timeout,Correct,Correct,Timeout,3410,1263,1921,118077,1926,0
Test,DL,Exec_err,Timeout,Timeout,Exec_err,Exec_err,Timeout,0,0,0,0,38547,0
Test,DL,Correct,Correct,Timeout,Correct,Correct,Timeout,1991,7886,15868,33494,4400,0
Test,DL,Correct,Correct,Correct,Exec_err,Exec_err,Correct,16,568,325,0,96,191
Test,DL,Correct,Correct,Unexpected,Unexpected,Unexpected,Unexpected,99,5856,12881,0,620,0
Test,DL,Correct,Correct,Correct,Correct,Correct,Correct,9,685,431,71,210,448
Test,DL,Correct,Correct,Correct,Correct,Correct,Correct,6,571,0,32,82,218
Test,DL,Correct,Correct,Correct,Correct,Correct,Correct,3,471,242,32,30,131
Test,DL,Correct,Correct,Correct,Correct,Correct,Correct,2,367,152,24,35,123
Test,DL,Correct,Correct,Correct,Correct,Correct,Correct,175,708,753,996,325,9372
Test,DL,Correct,Correct,Timeout,Timeout,Timeout,Timeout,601,15746,0,0,829,0
Test,DL,Correct,Correct,Timeout,Timeout,Timeout,Timeout,1837,5992,4051,0,0,0
Test,DL,Correct,Correct,Exec_err,Correct,Correct,Exec_err,92,4840,52848,249,0,0
Test,DL,Correct,Correct,Exec_err,Correct,Correct,Exec_err,95,2596,47238,320,0,0
Test,DL,Unexpected,Correct,Exec_err,Correct,Correct,Exec_err,0,17637,0,1659,0,0
Test,DL,Correct,Correct,Correct,Correct,Correct,Correct,154,734,846,333,4210,4260
Test,DL,Correct,Correct,Correct,Correct,Correct,Correct,418,522,1097,1052,456,47615
Test,DL,Correct,Correct,Exec_err,Timeout,Timeout,Exec_err,1170,59388,0,0,0,0
Test,DL,Correct,Correct,Timeout,Correct,Correct,Timeout,181,2816,3414,175,0,0
Test,DL,Correct,Correct,Timeout,Exec_err,Exec_err,Timeout,8881,2850,10839,0,5906,0
Test,DL,Correct,Unexpected,Correct,Correct,Correct,Correct,455,0,2156,682,0,3660
Test,DL,Correct,Unexpected,Correct,Correct,Correct,Correct,28,0,555,61,1200,384
Test,DL,Correct,Unexpected,Correct,Correct,Correct,Correct,57,0,900,43,184,572
Test,DL,Correct,Correct,Timeout,Timeout,Timeout,Timeout,3405,70561,123512,0,4454,0
Test,DL,Correct,Correct,Correct,Correct,Correct,Correct,26,2608,5394,72,360,564
Test,DL,Correct,Correct,Correct,Correct,Correct,Correct,14,468,825,34,94,387
Test,DL,Correct,Correct,Timeout,Timeout,Timeout,Timeout,132,3020,2193,0,0,0
Test,DL,Correct,Correct,Correct,Correct,Correct,Correct,2,482,250,23,47,115
Test,DL,Correct,Correct,Correct,Correct,Correct,Correct,794,2957,3029,80074,2424,120922
Test,DL,Unexpected,Timeout,Exec_err,Unexpected,Unexpected,Exec_err,0,0,0,0,2284,0
Test,DL,Correct,Correct,Correct,Correct,Correct,Correct,15,840,615,38,493,349
Test,DL,Correct,Correct,Correct,Correct,Correct,Correct,4,479,246,24,34,118
Test,DL,Correct,Unexpected,Unexpected,Correct,Correct,Unexpected,11,0,592,42,204,0
Test,DL,Correct,Correct,Timeout,Correct,Correct,Timeout,1011,3082,3129,141865,2901,0
Test,DL,Correct,Correct,Correct,Correct,Correct,Correct,4,488,259,30,45,129
Test,DL,Correct,Correct,Correct,Correct,Correct,Correct,8,662,372,39,70,208
Test,DL,Correct,Correct,Exec_err,Correct,Correct,Exec_err,97,4792,53120,246,0,0
Test,DL,Correct,Correct,Timeout,Correct,Correct,Timeout,3515,1051,1838,113374,1735,0
Test,DL,Correct,Correct,Correct,Correct,Correct,Correct,4,575,338,27,54,158
Test,DL,Correct,Correct,Timeout,Timeout,Timeout,Timeout,2759,8073,9188,0,12727,0
Test,DL,Correct,Correct,Correct,Correct,Correct,Correct,25,542,1006,61,263,470
Test,DL,Correct,Correct,Correct,Correct,Correct,Correct,156,1393,1412,19879,735,30245
Test,DL,Correct,Timeout,Correct,Correct,Correct,Correct,718,0,2967,1075,8461,85450
Test,DL,Correct,Correct,Correct,Correct,Correct,Correct,3,379,290,32,53,163
Test,DL,Correct,Correct,Exec_err,Correct,Correct,Exec_err,96,4782,52895,240,0,0
Test,DL,Correct,Correct,Correct,Correct,Correct,Correct,109,618,760,244,290,2756
Test,DL,Correct,Correct,Timeout,Timeout,Timeout,Timeout,6537,131245,0,0,8951,0
Test,DL,Correct,Correct,Correct,Correct,Correct,Correct,5,610,525,37,202,229
Test,DL,Correct,Correct,Correct,Correct,Correct,Correct,42,419,366,94,129,861
Test,DL,Correct,Correct,Correct,Correct,Correct,Correct,17,781,501,40,211,579
Test,DL,Correct,Correct,Correct,Correct,Correct,Correct,12,434,349,37,63,215
Test,DL,Correct,Correct,Timeout,Correct,Correct,Timeout,4401,3011,5690,48577,0,0
Test,DL,Correct,Correct,Correct,Correct,Correct,Correct,4,596,465,32,202,183
Test,DL,Correct,Timeout,Correct,Correct,Correct,Correct,4,0,0,25,47,130
Test,DL,Correct,Correct,Correct,Correct,Correct,Correct,93,600,597,192,252,1914
Test,DL,Correct,Correct,Correct,Correct,Correct,Correct,8,596,470,32,190,184
Test,DL,Correct,Correct,Correct,Exec_err,Exec_err,Correct,8,672,753,0,119,265
Test,DL,Correct,Correct,Correct,Correct,Correct,Correct,122,6971,0,150,372,1195
Test,DL,Correct,Correct,Correct,Correct,Correct,Correct,3,326,308,23,56,212
Test,DL,Correct,Correct,Unexpected,Exec_err,Exec_err,Unexpected,9,647,274,0,64,0
Test,DL,Correct,Correct,Correct,Correct,Correct,Correct,3,501,363,28,38,133
Test,DL,Correct,Correct,Correct,Correct,Correct,Correct,40,1359,1033,52,0,1925
Test,DL,Timeout,Timeout,Timeout,Exec_err,Exec_err,Timeout,0,0,0,0,39117,0
Test,DL,Correct,Correct,Timeout,Timeout,Timeout,Timeout,2436,6039,6529,0,10897,0
Test,DL,Correct,Correct,Correct,Exec_err,Exec_err,Correct,6,696,1036,0,84,183
Test,DL,Correct,Correct,Correct,Exec_err,Exec_err,Correct,8,593,723,0,85,179
Test,DL,Correct,Correct,Correct,Correct,Correct,Correct,31,1001,1139,106,0,644
Test,DL,Correct,Correct,Correct,Correct,Correct,Correct,5,260,82,21,30,137
Test,DL,Correct,Correct,Correct,Correct,Correct,Correct,9,423,187,30,60,348
Test,DL,Exec_err,Correct,Unexpected,Correct,Correct,Unexpected,0,888,0,212,451,0
Test,DL,Correct,Correct,Timeout,Timeout,Timeout,Timeout,1585,5564,5242,0,7302,0
Test,DL,Correct,Correct,Exec_err,Correct,Correct,Exec_err,103,4864,56040,256,0,0
Test,DL,Correct,Correct,Correct,Correct,Correct,Correct,26,1292,966,65,211,1148
Test,DL,Correct,Correct,Timeout,Correct,Correct,Timeout,3242,2193,3452,5817,0,0
Test,DL,Correct,Correct,Exec_err,Correct,Correct,Exec_err,100,4735,56419,261,0,0
Test,DL,Correct,Correct,Correct,Correct,Correct,Correct,2,465,238,31,29,125
Test,DL,Correct,Correct,Correct,Correct,Correct,Correct,2,461,241,33,31,138
Test,DL,Correct,Correct,Exec_err,Correct,Correct,Exec_err,99,4702,57062,260,0,0
Test,DL,Correct,Correct,Correct,Correct,Correct,Correct,93,2306,29478,180,0,1302
Test,DL,Correct,Correct,Correct,Correct,Correct,Correct,201,513,942,227,260,2382
Test,DL,Correct,Correct,Correct,Correct,Correct,Correct,9,514,268,20,54,132
Test,DL,Correct,Correct,Timeout,Correct,Correct,Timeout,2709,1185,1707,7131,0,0
Test,DL,Correct,Correct,Correct,Correct,Correct,Correct,7,834,1023,42,193,203
Test,DL,Correct,Correct,Exec_err,Correct,Correct,Exec_err,97,4841,59770,261,0,0
Test,DL,Correct,Correct,Correct,Correct,Correct,Correct,247,558,1034,638,315,5013
Test,DL,Correct,Correct,Correct,Correct,Correct,Correct,3,517,303,29,48,142
Test,DL,Correct,Correct,Timeout,Timeout,Timeout,Timeout,2462,8238,8094,0,11501,0
Test,DL,Correct,Correct,Exec_err,Correct,Correct,Exec_err,97,4803,53252,246,0,0
Test,DL,Correct,Correct,Timeout,Correct,Correct,Timeout,2688,1098,1505,3602,0,0
Test,DL,Correct,Correct,Exec_err,Correct,Correct,Exec_err,93,3001,46953,321,0,0
Test,DL,Correct,Correct,Correct,Correct,Correct,Correct,113,2322,1632,547,644,2815
Test,DL,Correct,Correct,Correct,Correct,Correct,Correct,3,462,245,32,30,136
Test,DL,Correct,Correct,Correct,Correct,Correct,Correct,19,666,869,39,255,440
Test,DL,Correct,Correct,Exec_err,Correct,Correct,Exec_err,97,4694,55147,244,0,0
Test,DL,Unexpected,Correct,Unexpected,Correct,Correct,Unexpected,0,699,0,57,208,0
Test,DL,Correct,Unexpected,Correct,Correct,Correct,Correct,425,0,1541,616,0,22287
Test,DL,Correct,Correct,Timeout,Exec_err,Exec_err,Timeout,4405,2126,3594,0,4515,0
Test,DL,Correct,Unexpected,Correct,Correct,Correct,Correct,31,0,10776,323,575,1889
Test,DL,Correct,Correct,Exec_err,Correct,Correct,Exec_err,90,2550,39186,315,0,0
Test,DL,Correct,Unexpected,Correct,Unexpected,Unexpected,Correct,115,0,0,0,0,2058
Test,DL,Correct,Correct,Correct,Correct,Correct,Correct,661,2769,3358,948,2135,37867
Test,DL,Correct,Correct,Correct,Correct,Correct,Correct,1,387,164,26,45,132
Test,DL,Correct,Correct,Correct,Correct,Correct,Correct,1,491,260,25,46,118
Test,DL,Correct,Correct,Correct,Correct,Correct,Correct,6,604,529,22,45,142
Test,DL,Correct,Correct,Correct,Correct,Correct,Correct,9,502,322,43,67,302
Test,DL,Correct,Unexpected,Correct,Correct,Correct,Correct,23,0,1241,83,0,512
Test,DL,Correct,Correct,Timeout,Timeout,Timeout,Timeout,1370,4447,4513,0,4654,0
Test,DL,Correct,Timeout,Timeout,Timeout,Timeout,Timeout,4903,0,0,0,0,0
Test,DL,Correct,Correct,Exec_err,Unexpected,Unexpected,Exec_err,75,871,807,0,307,0
Test,DL,Correct,Correct,Correct,Correct,Correct,Correct,63,952,962,2425,316,4212
Test,DL,Correct,Correct,Correct,Correct,Correct,Correct,5,545,336,24,58,136
Test,DL,Unexpected,Timeout,Timeout,Timeout,Timeout,Timeout,0,0,0,0,109950,0
Test,DL,Correct,Unexpected,Correct,Correct,Correct,Correct,211,0,1316,453,0,5037
Test,DL,Correct,Correct,Exec_err,Correct,Correct,Exec_err,95,5037,55253,261,0,0
Test,DL,Correct,Correct,Correct,Correct,Correct,Correct,4,432,318,28,57,155
Test,DL,Correct,Correct,Exec_err,Correct,Correct,Exec_err,97,2677,44786,312,0,0
Test,DL,Correct,Correct,Correct,Correct,Correct,Correct,4,523,260,23,47,124
Test,DL,Correct,Correct,Correct,Correct,Correct,Correct,11,955,1137,51,126,295
Test,DL,Correct,Correct,Correct,Exec_err,Exec_err,Correct,3,509,261,0,50,136
Test,DL,Correct,Correct,Correct,Correct,Correct,Correct,88,2978,10555,198,0,1199
Test,DL,Correct,Correct,Exec_err,Correct,Correct,Exec_err,58,1665,1013,277,1507,0
Test,DL,Correct,Correct,Unexpected,Correct,Correct,Unexpected,143,580,772,192,234,0
Test,DL,Correct,Correct,Timeout,Correct,Correct,Timeout,415,1542,1789,60366,1376,0
Test,DL,Correct,Correct,Correct,Correct,Correct,Correct,1818,4927,2296,9894,79265,86273
Test,DL,Correct,Correct,Correct,Correct,Correct,Correct,3,503,265,24,46,127
Test,DL,Correct,Correct,Correct,Correct,Correct,Correct,52,2112,7103,165,0,889
Test,DL,Correct,Correct,Correct,Correct,Correct,Correct,113,1144,981,353,406,2889
Test,DL,Correct,Correct,Exec_err,Correct,Correct,Exec_err,94,5014,56029,258,0,0
Test,DL,Correct,Correct,Exec_err,Correct,Correct,Exec_err,103,4759,55624,256,0,0
Test,DL,Correct,Correct,Correct,Correct,Correct,Correct,14549,141791,143855,9154,7195,134730
Test,DL,Exec_err,Timeout,Timeout,Exec_err,Exec_err,Timeout,0,0,0,0,39132,0
Test,DL,Correct,Correct,Correct,Correct,Correct,Correct,346,1909,1955,12744,1163,35928
Test,DL,Correct,Correct,Exec_err,Correct,Correct,Exec_err,102,4891,58452,259,0,0
Test,DL,Correct,Correct,Correct,Correct,Correct,Correct,9,438,211,34,61,326
Test,DL,Correct,Correct,Correct,Correct,Correct,Correct,1,492,248,25,30,116
Test,DL,Correct,Correct,Timeout,Correct,Correct,Timeout,849,438,1307,1383,404,0
Test,DL,Correct,Correct,Correct,Correct,Correct,Correct,14,519,279,23,74,144
Test,DL,Correct,Correct,Correct,Correct,Correct,Correct,2,359,352,29,46,147
Test,DL,Correct,Correct,Correct,Correct,Correct,Correct,166,485,1284,277,682,1593
Test,DL,Unexpected,Correct,Unexpected,Correct,Correct,Unexpected,0,475,0,108,228,0
Test,DL,Correct,Correct,Correct,Correct,Correct,Correct,28,475,378,45,123,361
Test,DL,Correct,Correct,Exec_err,Correct,Correct,Exec_err,106,5001,61550,271,0,0
Test,DL,Correct,Correct,Correct,Correct,Correct,Correct,4,546,374,36,55,150
Test,DL,Correct,Correct,Correct,Correct,Correct,Correct,4,529,275,26,73,151
Test,DL,Correct,Correct,Exec_err,Correct,Correct,Exec_err,99,5164,62826,260,0,0
Test,DL,Correct,Timeout,Timeout,Timeout,Timeout,Timeout,34,0,0,0,646,0
Test,DL,Correct,Correct,Timeout,Timeout,Timeout,Timeout,2160,6517,6614,0,10672,0
Test,DL,Correct,Correct,Exec_err,Correct,Correct,Exec_err,90,4798,55543,262,0,0
Test,DL,Correct,Correct,Correct,Correct,Correct,Correct,34,1418,1130,45,231,1098
Test,DL,Correct,Correct,Exec_err,Correct,Correct,Exec_err,103,4836,55774,265,0,0
Test,DL,Correct,Unexpected,Timeout,Correct,Correct,Timeout,3460,0,111006,26739,2116,0
Test,DL,Correct,Correct,Correct,Correct,Correct,Correct,62,2334,8428,172,0,973
Test,DL,Correct,Correct,Correct,Exec_err,Exec_err,Correct,8,527,274,0,60,194
Test,DL,Correct,Correct,Timeout,Timeout,Timeout,Timeout,2650,7982,8961,0,12985,0
Test,DL,Correct,Correct,Correct,Correct,Correct,Correct,19,1795,2412,63,205,471
Test,DL,Correct,Correct,Exec_err,Correct,Correct,Exec_err,96,5004,55175,245,0,0
Test,DL,Timeout,Timeout,Timeout,Exec_err,Exec_err,Timeout,0,0,0,0,36003,0
Test,DL,Correct,Correct,Exec_err,Correct,Correct,Exec_err,94,2586,47995,307,0,0
Test,DL,Correct,Correct,Correct,Correct,Correct,Correct,14,545,451,102,134,523
Test,DL,Correct,Correct,Timeout,Correct,Correct,Timeout,4407,5544,21280,5665,7713,0
Test,DL,Correct,Correct,Exec_err,Correct,Correct,Exec_err,104,4686,57036,258,0,0
Test,DL,Timeout,Timeout,Exec_err,Timeout,Timeout,Exec_err,0,0,0,0,0,0
Test,DL,Correct,Correct,Timeout,Timeout,Timeout,Timeout,1973,6530,5463,0,7863,0
Test,DL,Correct,Correct,Correct,Exec_err,Exec_err,Correct,5,310,283,0,39,132
Test,DL,Unexpected,Correct,Exec_err,Exec_err,Exec_err,Exec_err,0,507,499,0,58,0
Test,DL,Correct,Unexpected,Correct,Exec_err,Exec_err,Correct,72,0,885,0,395,1955
Test,DL,Correct,Correct,Timeout,Correct,Correct,Timeout,196,1080,964,11034,130,0
Test,DL,Timeout,Timeout,Timeout,Timeout,Timeout,Timeout,0,0,0,0,14222,0
Test,DL,Exec_err,Timeout,Timeout,Timeout,Timeout,Timeout,0,0,0,0,60216,0
Test,DL,Correct,Timeout,Timeout,Exec_err,Exec_err,Timeout,5060,0,0,0,16135,0
Test,DL,Correct,Correct,Correct,Correct,Correct,Correct,378,1254,56042,470,559,4894
Test,DL,Timeout,Timeout,Timeout,Timeout,Timeout,Timeout,0,0,0,0,59780,0
Test,DL,Timeout,Timeout,Timeout,Timeout,Timeout,Timeout,0,0,0,0,30313,0
Test,DL,Timeout,Correct,Timeout,Timeout,Timeout,Timeout,0,2823,0,0,2564,0
Test,DL,Exec_err,Timeout,Timeout,Timeout,Timeout,Timeout,0,0,0,0,48792,0
Test,DL,Unexpected,Timeout,Timeout,Timeout,Timeout,Timeout,0,0,0,0,51168,0
Test,DL,Correct,Timeout,Timeout,Timeout,Timeout,Timeout,27809,0,0,0,4557,0
Test,DL,Correct,Timeout,Timeout,Timeout,Timeout,Timeout,33411,0,0,0,4322,0
Test,DL,Timeout,Timeout,Timeout,Timeout,Timeout,Timeout,0,0,0,0,1761,0
Test,DL,Timeout,Timeout,Timeout,Timeout,Timeout,Timeout,0,0,0,0,1401,0
Test,DL,Correct,Unexpected,Timeout,Timeout,Timeout,Timeout,1818,0,3558,0,1390,0
Test,DL,Correct,Unexpected,Timeout,Timeout,Timeout,Timeout,1930,0,3861,0,1769,0
Test,DL,Correct,Unexpected,Timeout,Timeout,Timeout,Timeout,3244,0,14924,0,3762,0
Test,DL,Unexpected,Timeout,Timeout,Timeout,Timeout,Timeout,0,0,0,0,23804,0
Test,DL,Timeout,Timeout,Timeout,Timeout,Timeout,Timeout,0,0,0,0,1639,0
Test,DL,Unexpected,Timeout,Timeout,Correct,Correct,Timeout,0,0,0,95051,21210,0
Test,DL,Correct,Timeout,Timeout,Timeout,Timeout,Timeout,10800,0,0,0,1115,0
Test,DL,Timeout,Timeout,Timeout,Timeout,Timeout,Timeout,0,0,0,0,2173,0
Test,DL,Correct,Correct,Timeout,Timeout,Timeout,Timeout,14022,1380,0,0,761,0
Test,DL,Correct,Correct,Timeout,Timeout,Timeout,Timeout,14782,1580,0,0,1036,0
Test,DL,Correct,Timeout,Timeout,Timeout,Timeout,Timeout,3646,0,0,0,1321,0
Test,DL,Correct,Timeout,Timeout,Timeout,Timeout,Timeout,2161,0,0,0,0,0
Test,DL,Correct,Timeout,Timeout,Timeout,Timeout,Timeout,2909,0,0,0,0,0
Test,DL,Correct,Timeout,Timeout,Timeout,Timeout,Timeout,18553,0,0,0,0,0
Test,DL,Exec_err,Timeout,Timeout,Timeout,Timeout,Timeout,0,0,0,0,24937,0
Test,DL,Correct,Timeout,Timeout,Timeout,Timeout,Timeout,6335,0,0,0,2104,0
Test,DL,Correct,Timeout,Correct,Correct,Correct,Correct,162,0,0,222,948,1437
Test,DL,Correct,Correct,Unexpected,Correct,Correct,Unexpected,119,3912,3843,428,0,0
Test,DL,Exec_err,Unexpected,Exec_err,Timeout,Timeout,Exec_err,0,0,0,0,17416,0
Test,DL,Correct,Correct,Correct,Exec_err,Exec_err,Correct,36,1165,1013,0,0,925
Test,DL,Correct,Correct,Unexpected,Correct,Correct,Unexpected,560,4567,19145,224,0,0
Test,EL,Correct,Correct,Correct,Correct,Correct,Correct,43,731,348,60,60,203
Test,EL,Correct,Correct,Correct,Correct,Correct,Correct,204,1365,1542,507,959,7526
Test,EL,Correct,Correct,Correct,Correct,Correct,Correct,784,2448,2853,2005,4838,87016
Test,EL,Correct,Correct,Correct,Correct,Correct,Correct,33,737,740,177,275,920
Test,EL,Correct,Correct,Correct,Correct,Correct,Correct,2,294,111,22,45,132
Test,EL,Correct,Correct,Correct,Correct,Correct,Correct,395,1917,2735,984,1154,14098
Test,EL,Correct,Correct,Correct,Correct,Correct,Timeout,738,2493,6965,0,6194,0
Test,EL,Correct,Correct,Correct,Correct,Correct,Correct,29,687,687,259,330,1083
Test,EL,Correct,Correct,Correct,Correct,Correct,Correct,187,614,857,463,230,1893
Test,EL,Correct,Correct,Correct,Correct,Correct,Correct,19,465,247,36,40,199
Test,EL,Correct,Correct,Correct,Correct,Correct,Correct,54,627,627,136,1276,933
Test,EL,Correct,Correct,Correct,Correct,Correct,Correct,8,259,239,20,40,126
Test,EL,Correct,Correct,Correct,Correct,Correct,Correct,3,271,239,20,39,125
Test,EL,Correct,Correct,Correct,Correct,Correct,Correct,13,672,484,88,145,705
Test,EL,Correct,Correct,Correct,Correct,Correct,Correct,1179,3590,14090,31385,3704,138339
Test,EL,Correct,Correct,Correct,Correct,Correct,Correct,59,610,761,252,258,1012
Test,EL,Correct,Correct,Correct,Correct,Correct,Correct,2,331,143,30,48,205
Test,EL,Correct,Correct,Correct,Correct,Correct,Correct,50,1160,980,771,313,1717
Test,EL,Correct,Correct,Correct,Correct,Correct,Correct,4,348,154,33,61,166
Test,EL,Correct,Correct,Correct,Correct,Correct,Correct,359,1678,1812,871,1508,20437
Test,EL,Correct,Correct,Correct,Correct,Correct,Correct,4,441,151,46,51,198
Test,EL,Correct,Correct,Correct,Correct,Correct,Correct,2,333,145,31,58,178
Test,EL,Correct,Correct,Correct,Correct,Correct,Correct,83,1320,1362,1629,409,3914
Test,EL,Correct,Correct,Correct,Correct,Correct,Correct,295,1588,1772,1217,1323,14438
Test,EL,Correct,Correct,Correct,Correct,Correct,Correct,98,1180,859,398,425,1756
Test,EL,Correct,Correct,Correct,Correct,Correct,Correct,58,628,580,134,1329,990
Test,EL,Correct,Correct,Correct,Correct,Correct,Correct,2,417,132,40,45,163
Test,EL,Correct,Correct,Correct,Correct,Correct,Correct,1,464,235,20,28,111
Test,EL,Correct,Correct,Correct,Correct,Correct,Correct,614,1406,1677,559,1092,12966
Test,EL,Correct,Correct,Correct,Correct,Correct,Timeout,3354,3721,12133,3140,6506,0
Test,EL,Correct,Correct,Correct,Correct,Correct,Correct,507,1302,1574,734,848,5721
Test,EL,Correct,Correct,Correct,Correct,Correct,Correct,18,610,557,331,130,932
Test,EL,Correct,Correct,Correct,Correct,Correct,Correct,108,676,632,150,202,655
Test,EL,Correct,Correct,Correct,Correct,Correct,Correct,14,334,141,30,55,153
Test,EL,Correct,Correct,Correct,Correct,Correct,Correct,12,470,236,20,28,120
Test,EL,Correct,Correct,Correct,Correct,Correct,Correct,164,1466,2576,7002,856,14111
Test,EL,Correct,Correct,Correct,Correct,Correct,Correct,85,1103,1287,1767,394,3585
Test,EL,Correct,Correct,Correct,Correct,Correct,Correct,340,1630,2037,839,1460,23035
Test,EL,Correct,Correct,Correct,Correct,Correct,Correct,3,265,232,19,34,119
Test,EL,Correct,Correct,Correct,Correct,Correct,Correct,8,404,135,40,45,163
Test,EL,Correct,Correct,Correct,Correct,Correct,Correct,159,1376,1933,16092,657,22160
Test,EL,Correct,Correct,Correct,Correct,Correct,Correct,640,3151,2972,21717,950,30145
Test,EL,Correct,Correct,Correct,Correct,Correct,Correct,5,352,182,35,65,216
Test,EL,Correct,Correct,Correct,Correct,Correct,Correct,3,412,133,41,46,192
Test,EL,Correct,Correct,Correct,Correct,Correct,Correct,42,908,902,218,289,1270
Test,EL,Correct,Correct,Correct,Correct,Correct,Correct,12,499,364,88,104,373
Test,EL,Correct,Correct,Correct,Correct,Correct,Correct,202,1044,1012,274,469,1574
Test,EL,Correct,Correct,Correct,Correct,Correct,Correct,1161,2966,13821,29196,3628,132103
Test,EL,Correct,Correct,Correct,Correct,Correct,Correct,25,363,137,47,53,173
Test,EL,Correct,Correct,Correct,Correct,Correct,Correct,13,512,497,119,146,942
Test,EL,Correct,Correct,Correct,Correct,Correct,Correct,47,326,182,49,75,341
Test,EL,Correct,Correct,Correct,Correct,Correct,Timeout,1100,4921,6977,0,2236,0
Test,EL,Correct,Correct,Correct,Correct,Correct,Correct,2,526,265,28,37,132
Test,EL,Correct,Correct,Correct,Correct,Correct,Timeout,3443,3807,13428,3597,6741,0
Test,EL,Correct,Correct,Correct,Correct,Correct,Correct,923,4528,4166,31877,1261,58673
Test,EL,Correct,Correct,Correct,Correct,Correct,Correct,151,1292,1363,610,714,4726
Test,EL,Correct,Correct,Correct,Correct,Correct,Correct,132,1305,1537,645,1005,5495
Test,EL,Correct,Correct,Correct,Correct,Correct,Correct,273,18570,2205,46604,16759,119013
Test,EL,Correct,Correct,Correct,Correct,Correct,Correct,11,648,4384,56,152,387
Test,EL,Correct,Correct,Correct,Correct,Correct,Timeout,129,1752,2125,90342,629,0
Test,EL,Correct,Correct,Correct,Correct,Correct,Timeout,4067,3946,68461,99892,7788,0
Test,EL,Timeout,Timeout,Timeout,Timeout,Correct,Timeout,0,0,0,0,2715,0
Test,EL,Correct,Correct,Correct,Correct,Correct,Correct,3,315,110,28,103,124
Test,EL,Correct,Correct,Correct,Correct,Correct,Correct,30,882,690,173,251,976
Test,EL,Correct,Correct,Correct,Correct,Correct,Correct,10,467,380,72,98,474
Test,EL,Correct,Correct,Correct,Correct,Timeout,Timeout,1394,11903,33769,0,0,0
Test,EL,Correct,Correct,Correct,Correct,Timeout,Timeout,1431,11894,31999,0,0,0
Test,EL,Correct,Correct,Correct,Correct,Correct,Correct,7,440,283,60,97,283
Test,EL,Exec_err,Correct,Correct,Correct,Correct,Timeout,4463,46010,56754,0,9234,0
Test,EL,Correct,Correct,Correct,Correct,Correct,Correct,6,390,219,48,62,289
Test,EL,Correct,Correct,Correct,Correct,Correct,Correct,106,1058,1195,3043,475,6662
Test,EL,Correct,Correct,Correct,Correct,Correct,Correct,7,420,284,66,94,279
Test,EL,Correct,Timeout,Timeout,Timeout,Timeout,Timeout,1408,0,0,0,0,0
Test,EL,Correct,Correct,Correct,Correct,Correct,Timeout,1934,4965,19178,0,9823,0
Test,EL,Correct,Correct,Correct,Correct,Correct,Correct,8,448,316,65,111,370
Test,EL,Correct,Correct,Correct,Correct,Correct,Timeout,1909,3951,17790,5091,6879,0
Test,EL,Correct,Correct,Correct,Correct,Correct,Correct,15,545,453,87,171,573
Test,EL,Correct,Correct,Correct,Correct,Correct,Correct,17,584,529,104,155,608
Test,EL,Correct,Correct,Correct,Correct,Correct,Correct,31,952,817,248,296,1028
Test,EL,Correct,Correct,Correct,Correct,Correct,Timeout,1212,3651,6334,0,5243,0
Test,EL,Correct,Correct,Correct,Correct,Correct,Correct,187,1406,1714,26542,907,44735
Test,EL,Correct,Correct,Correct,Correct,Correct,Correct,12,492,881,76,168,372
Test,EL,Correct,Correct,Correct,Correct,Correct,Timeout,1343,3784,11816,3173,7843,0
Test,EL,Correct,Correct,Correct,Correct,Correct,Correct,3,385,122,39,174,163
Test,EL,Correct,Correct,Correct,Correct,Correct,Correct,3,297,121,29,104,125
Test,EL,Correct,Correct,Correct,Correct,Correct,Timeout,2855,7471,40070,40897,18697,0
Test,EL,Correct,Correct,Correct,Correct,Correct,Correct,124,1269,1415,1854,538,4477
Test,EL,Correct,Correct,Correct,Correct,Correct,Correct,1,290,110,26,60,116
Test,EL,Correct,Correct,Correct,Correct,Correct,Correct,101,317,215,88,272,44082
Test,EL,Correct,Correct,Correct,Correct,Correct,Timeout,1678,4406,11765,0,7666,0
Test,EL,Correct,Correct,Correct,Correct,Correct,Exec_err,45,353,665,70,277,0
Test,EL,Correct,Correct,Correct,Correct,Correct,Correct,361,1691,2435,807,1361,9130
Test,EL,Correct,Correct,Correct,Correct,Correct,Correct,16,468,285,97,103,429
Test,EL,Correct,Correct,Correct,Correct,Correct,Correct,13,315,95,29,86,128
Test,EL,Correct,Timeout,Timeout,Timeout,Correct,Timeout,48155,0,0,0,2703,0
Test,EL,Correct,Correct,Correct,Correct,Correct,Correct,3,268,87,24,52,148
Test,EL,Correct,Correct,Correct,Correct,Correct,Correct,1,300,109,25,39,126
Test,EL,Correct,Correct,Correct,Correct,Correct,Correct,2,327,100,27,84,127
Test,EL,Correct,Correct,Correct,Correct,Correct,Correct,4,323,121,30,90,151
Test,EL,Correct,Correct,Correct,Correct,Correct,Correct,5,398,314,48,206,284
Test,EL,Correct,Correct,Correct,Correct,Correct,Timeout,4183,5791,32833,0,8586,0
Test,EL,Correct,Correct,Correct,Correct,Correct,Correct,3,353,186,38,59,207
Test,EL,Correct,Correct,Correct,Correct,Correct,Correct,10,403,239,46,84,278
Test,EL,Correct,Correct,Correct,Correct,Correct,Correct,3,325,97,29,87,123
Test,EL,Correct,Correct,Correct,Correct,Correct,Correct,6,401,344,55,80,561
Test,EL,Correct,Correct,Correct,Correct,Correct,Correct,94,657,630,159,183,849
Test,EL,Correct,Correct,Correct,Correct,Correct,Timeout,67,1802,21639,223,583,0
Test,EL,Correct,Correct,Correct,Correct,Correct,Correct,77,1560,19196,263,718,39913
Test,EL,Correct,Correct,Correct,Correct,Correct,Correct,65,1783,23711,220,593,12552
Test,EL,Correct,Correct,Correct,Correct,Correct,Correct,2,312,106,27,129,138
Test,EL,Correct,Correct,Correct,Correct,Correct,Correct,32,966,3015,159,271,760
Test,EL,Correct,Correct,Correct,Correct,Correct,Correct,22,326,149,29,86,164
Test,EL,Correct,Correct,Correct,Correct,Correct,Correct,82,1497,19080,258,700,39715
Test,EL,Correct,Correct,Correct,Correct,Correct,Correct,4,345,121,39,132,162
Test,EL,Correct,Correct,Correct,Correct,Correct,Correct,22,368,204,41,79,240
Test,EL,Correct,Correct,Correct,Correct,Correct,Correct,156,1236,1336,227,400,1271
Test,EL,Correct,Correct,Correct,Correct,Correct,Timeout,1713,3362,8594,0,3045,0
Test,EL,Correct,Correct,Correct,Correct,Correct,Correct,88,1358,1296,1661,437,3985
Test,EL,Correct,Correct,Correct,Correct,Correct,Timeout,66,1688,23442,218,633,0
Test,EL,Correct,Correct,Correct,Correct,Correct,Correct,11,501,1014,79,181,410
Test,EL,Correct,Correct,Correct,Correct,Correct,Correct,23,355,171,39,120,166
Test,EL,Correct,Correct,Correct,Correct,Correct,Correct,19,316,139,32,56,173
Test,EL,Correct,Correct,Correct,Correct,Correct,Timeout,6145,5804,20016,0,12707,0
Test,EL,Correct,Correct,Correct,Correct,Correct,Correct,3,338,144,33,56,159
Test,EL,Correct,Correct,Correct,Correct,Correct,Timeout,2153,5740,18854,0,11623,0
Test,EL,Correct,Correct,Correct,Correct,Correct,Correct,13,330,121,36,101,138
Test,EL,Correct,Correct,Correct,Correct,Correct,Correct,2,294,92,25,58,117
Test,EL,Correct,Correct,Correct,Correct,Correct,Timeout,62,1698,23431,219,633,0
Test,EL,Correct,Correct,Correct,Correct,Correct,Correct,3,350,148,34,57,159
Test,EL,Correct,Correct,Correct,Correct,Correct,Timeout,2873,7375,40591,41264,18571,0
Test,EL,Correct,Correct,Correct,Correct,Correct,Correct,3,300,107,26,61,128
Test,EL,Correct,Correct,Correct,Correct,Correct,Timeout,4351,5727,31945,0,8061,0
Test,EL,Correct,Correct,Timeout,Timeout,Timeout,Timeout,2926,950,0,0,0,0
Test,EL,Correct,Correct,Correct,Correct,Correct,Correct,5,362,183,35,66,203
Test,EL,Correct,Correct,Correct,Correct,Correct,Correct,11,358,132,41,194,168
Test,EL,Correct,Correct,Correct,Correct,Correct,Correct,377,1953,2254,13229,1346,36859
Test,EL,Correct,Correct,Correct,Correct,Correct,Correct,25,387,244,49,246,268
Test,EL,Correct,Correct,Correct,Correct,Correct,Correct,3,290,124,29,104,128
Test,EL,Correct,Correct,Correct,Correct,Correct,Correct,3,349,190,38,172,201
Test,EL,Correct,Correct,Correct,Correct,Correct,Correct,7,291,106,29,47,200
Test,EL,Correct,Correct,Correct,Correct,Correct,Timeout,1429,3866,14385,0,6639,0
Test,EL,Correct,Correct,Correct,Correct,Correct,Correct,2,300,108,26,47,132
Test,EL,Correct,Correct,Correct,Correct,Correct,Correct,73,1608,19183,259,694,40086
Test,EL,Correct,Correct,Correct,Correct,Correct,Timeout,1700,5386,12293,0,7679,0
Test,EL,Correct,Correct,Correct,Correct,Correct,Correct,1,355,93,27,81,119
Test,EL,Correct,Correct,Correct,Correct,Correct,Correct,20,339,668,72,83,445
Test,EL,Correct,Correct,Correct,Correct,Correct,Correct,165,1478,19049,255,704,39473
Test,EL,Exec_err,Correct,Correct,Correct,Correct,Timeout,0,46575,57922,0,9240,0
Test,EL,Correct,Correct,Correct,Correct,Correct,Correct,38,1021,3861,181,314,874
Test,EL,Correct,Correct,Correct,Correct,Correct,Timeout,164,1728,22697,224,590,0
Test,EL,Correct,Correct,Correct,Correct,Correct,Correct,123,1292,52825,366,641,2647
Test,EL,Correct,Correct,Correct,Correct,Correct,Correct,1,316,119,26,81,136
Test,EL,Correct,Correct,Correct,Correct,Correct,Timeout,1977,5471,28329,0,10872,0
Test,EL,Correct,Correct,Correct,Correct,Correct,Timeout,67,1678,21667,225,565,0
Test,EL,Correct,Correct,Correct,Correct,Correct,Correct,4,369,220,41,59,292
Test,EL,Correct,Correct,Correct,Correct,Correct,Correct,149,1652,24249,219,597,12422
Test,EL,Correct,Correct,Correct,Correct,Correct,Timeout,161,1703,23606,218,587,0
Test,EL,Correct,Correct,Correct,Correct,Correct,Correct,11,513,376,80,143,705
Test,EL,Correct,Correct,Correct,Correct,Correct,Correct,953,1927,2242,12921,1381,37280
Test,EL,Correct,Correct,Correct,Correct,Correct,Correct,13,472,236,112,75,301
Test,EL,Correct,Correct,Correct,Correct,Correct,Correct,31,676,747,186,198,1322
Test,EL,Correct,Correct,Correct,Correct,Correct,Correct,36,925,12008,166,403,851
Test,EL,Correct,Correct,Correct,Correct,Correct,Correct,3,386,174,36,186,179
Test,EL,Correct,Correct,Correct,Correct,Correct,Correct,4,341,182,32,65,258
Test,EL,Correct,Correct,Correct,Correct,Correct,Correct,2,330,159,26,74,139
Test,EL,Correct,Correct,Correct,Correct,Correct,Correct,27,292,108,28,52,227
Test,EL,Correct,Correct,Correct,Correct,Correct,Correct,2,313,179,29,68,152
Test,EL,Correct,Correct,Correct,Correct,Correct,Correct,105,1238,1192,338,539,2149
Test,EL,Correct,Correct,Correct,Correct,Correct,Correct,2,322,125,27,87,144
Test,EL,Correct,Correct,Correct,Correct,Correct,Correct,6,415,426,47,68,309
Test,EL,Correct,Correct,Correct,Correct,Correct,Timeout,2092,6119,17968,0,11411,0
Test,EL,Correct,Correct,Correct,Correct,Correct,Correct,3,324,100,28,96,131
Test,EL,Correct,Correct,Correct,Correct,Correct,Correct,7,334,144,47,211,253
Test,EL,Correct,Correct,Correct,Correct,Correct,Correct,4,359,229,38,56,159
Test,EL,Correct,Correct,Correct,Correct,Correct,Correct,6,368,242,42,73,274
Test,EL,Correct,Correct,Correct,Correct,Correct,Correct,702,2073,3612,1356,1831,32753
Test,EL,Correct,Correct,Correct,Correct,Correct,Timeout,9052,6777,43777,0,9291,0
Test,EL,Correct,Correct,Correct,Correct,Correct,Correct,64,1689,24218,221,592,12522
Test,EL,Correct,Correct,Correct,Correct,Correct,Correct,11,496,331,78,120,623
Test,EL,Correct,Correct,Correct,Correct,Correct,Correct,25,845,2470,143,221,658
Test,EL,Correct,Correct,Correct,Correct,Correct,Correct,6,316,112,37,113,195
Test,EL,Correct,Correct,Correct,Correct,Correct,Correct,4,398,246,44,62,296
Test,EL,Correct,Correct,Correct,Correct,Correct,Correct,192,1580,1547,438,812,4216
Test,EL,Correct,Correct,Correct,Correct,Correct,Timeout,1408,3648,15750,0,4304,0
Test,EL,Correct,Correct,Correct,Correct,Correct,Correct,3,299,119,25,48,129
Test,EL,Correct,Correct,Correct,Correct,Correct,Correct,6,362,121,38,162,158
Test,EL,Correct,Correct,Correct,Correct,Correct,Timeout,3355,3833,6034,0,4560,0
Test,EL,Correct,Correct,Correct,Correct,Correct,Timeout,1585,3731,16314,0,5130,0
Test,EL,Correct,Correct,Correct,Correct,Correct,Correct,42,446,311,60,98,383
Test,EL,Correct,Correct,Correct,Correct,Correct,Correct,151,1693,23905,221,588,12211
Test,EL,Correct,Correct,Correct,Correct,Correct,Correct,4,366,256,41,70,308
Test,EL,Correct,Correct,Correct,Correct,Correct,Correct,18,310,100,27,88,137
Test,EL,Correct,Correct,Correct,Correct,Correct,Timeout,3068,3543,4953,0,3898,0
Test,EL,Correct,Correct,Correct,Correct,Correct,Correct,79,1523,19155,259,716,39788
Test,EL,Correct,Correct,Correct,Correct,Correct,Timeout,2393,3074,11700,32499,2421,0
Test,EL,Correct,Correct,Correct,Correct,Correct,Timeout,2970,4106,12230,4801,3516,0
Test,EL,Correct,Correct,Correct,Correct,Correct,Correct,9,397,280,59,80,272
Test,EL,Correct,Correct,Correct,Correct,Correct,Timeout,5120,6868,44064,0,9152,0
Test,EL,Correct,Correct,Correct,Correct,Correct,Correct,236,524,84973,8477,584,11606
Test,EL,Correct,Correct,Correct,Correct,Correct,Correct,24,945,2447,141,212,655
Test,EL,Correct,Correct,Correct,Correct,Correct,Correct,43,334,1464,152,192,722
Test,EL,Correct,Correct,Correct,Correct,Correct,Correct,50,1048,956,219,262,1251
Test,EL,Correct,Correct,Correct,Correct,Correct,Correct,15,534,430,94,152,562
Test,EL,Correct,Correct,Correct,Correct,Correct,Correct,4,350,130,35,175,154
Test,EL,Correct,Correct,Correct,Correct,Correct,Correct,63,1123,1083,267,497,1903
Test,EL,Correct,Correct,Correct,Correct,Correct,Correct,19,652,532,109,159,677
Test,EL,Correct,Correct,Correct,Correct,Correct,Timeout,1327,3625,9840,3406,4556,0
Test,EL,Correct,Correct,Correct,Correct,Correct,Timeout,66,1779,23306,221,595,0
Test,EL,Correct,Correct,Correct,Correct,Correct,Correct,15,381,239,38,58,165
Test,EL,Correct,Correct,Correct,Correct,Correct,Correct,3,288,97,31,68,143
Test,EL,Correct,Correct,Correct,Correct,Correct,Correct,69,1724,24039,225,594,12228
Test,EL,Correct,Correct,Correct,Correct,Correct,Correct,71,1550,19823,254,702,40263
Test,EL,Correct,Correct,Correct,Correct,Correct,Correct,1,272,89,21,37,112
Test,EL,Correct,Correct,Correct,Correct,Correct,Correct,14,303,133,26,49,158
Test,EL,Correct,Correct,Correct,Correct,Correct,Timeout,1282,3775,8641,0,5102,0
Test,EL,Correct,Correct,Correct,Correct,Correct,Correct,91,1108,1254,765,341,14000
Test,EL,Correct,Correct,Correct,Correct,Correct,Correct,26,345,235,34,122,158
Test,EL,Correct,Correct,Correct,Correct,Correct,Timeout,2888,7575,39949,41424,18737,0
Test,EL,Correct,Correct,Timeout,Timeout,Correct,Correct,232,8330,0,1019,3824,66168
Test,EL,Correct,Correct,Correct,Correct,Correct,Timeout,2852,7489,39806,41048,18777,0
Test,EL,Correct,Correct,Correct,Correct,Correct,Correct,16,288,106,31,47,221
Test,EL,Correct,Correct,Correct,Correct,Correct,Correct,4,286,93,27,61,146
Test,EL,Correct,Correct,Correct,Correct,Correct,Timeout,152,1618,23707,220,591,0
Test,EL,Correct,Correct,Correct,Correct,Correct,Correct,79,1558,20560,258,706,40854
Test,EL,Correct,Correct,Correct,Correct,Correct,Exec_err,26,333,109,36,117,0
Test,EL,Correct,Correct,Correct,Correct,Correct,Correct,10,309,126,37,77,233
Test,EL,Correct,Correct,Correct,Correct,Correct,Correct,383,305,615,1718,616,6406
Test,EL,Correct,Correct,Correct,Correct,Correct,Correct,7,339,129,29,79,135
Test,EL,Correct,Correct,Correct,Correct,Correct,Correct,14,440,324,65,103,287
Test,EL,Correct,Correct,Correct,Correct,Correct,Correct,91,1428,1451,424,639,2269
Test,EL,Correct,Correct,Correct,Correct,Correct,Correct,5,380,167,44,61,194
Test,EL,Correct,Correct,Correct,Correct,Correct,Correct,65,1730,23932,219,596,12349
Test,EL,Correct,Correct,Correct,Correct,Correct,Correct,2,303,132,30,89,127
Test,EL,Correct,Correct,Correct,Correct,Exec_err,Timeout,1706,4585,15044,6662,0,0
Test,EL,Correct,Correct,Timeout,Timeout,Correct,Correct,223,6955,0,1000,3467,60673
Test,EL,Correct,Correct,Correct,Correct,Correct,Correct,71,1089,1333,32354,296,84781
Test,EL,Correct,Correct,Correct,Correct,Correct,Correct,1825,352,31937,4817,14093,77778
Test,EL,Correct,Correct,Correct,Correct,Correct,Correct,526,2292,2676,52349,1556,67067
Test,EL,Correct,Correct,Correct,Correct,Correct,Correct,12,457,338,62,155,382
Test,EL,Correct,Correct,Correct,Correct,Correct,Correct,240,1103,1054,322,508,1707
Test,EL,Timeout,Timeout,Timeout,Timeout,Correct,Timeout,0,0,0,0,2729,0
Test,EL,Correct,Correct,Correct,Correct,Correct,Correct,3343,3064,48252,9276,1537,28262
Test,EL,Correct,Correct,Correct,Correct,Correct,Correct,3608,3186,48059,9244,1519,28332
Test,EL,Correct,Correct,Correct,Correct,Correct,Correct,3840,3319,83409,15093,1998,45229
Test,EL,Correct,Correct,Correct,Correct,Correct,Timeout,3418,3984,27826,0,2381,0
Test,EL,Correct,Correct,Correct,Correct,Correct,Correct,6,400,368,58,94,388
Test,EL,Correct,Correct,Correct,Correct,Correct,Correct,300,1581,1969,1102,1276,11811
Test,EL,Correct,Correct,Correct,Correct,Correct,Correct,665,1823,2239,1541,1507,17779
Test,EL,Correct,Correct,Correct,Correct,Correct,Correct,484,1978,2242,1620,1261,16981
Test,EL,Correct,Correct,Correct,Correct,Correct,Correct,482,1960,2592,1556,1188,15888
Test,EL,Correct,Correct,Correct,Correct,Correct,Correct,668,1883,2326,1434,2145,16647
Test,EL,Correct,Correct,Correct,Correct,Correct,Correct,788,1634,1935,1097,1345,12336
Test,EL,Correct,Correct,Correct,Correct,Correct,Correct,288,1523,2079,1141,1268,12057
Test,EL,Correct,Correct,Correct,Correct,Correct,Correct,296,1868,2474,1156,1383,12233
Test,EL,Correct,Correct,Correct,Correct,Correct,Correct,350,1931,2042,1102,1867,11971
Test,EL,Correct,Correct,Correct,Correct,Correct,Correct,54,1127,913,287,502,1088
Test,EL,Correct,Correct,Correct,Correct,Correct,Correct,393,1157,995,301,504,1758
Test,EL,Correct,Correct,Correct,Correct,Correct,Correct,157,1020,952,288,450,1135
Test,EL,Correct,Correct,Correct,Correct,Correct,Correct,144,1478,1857,807,526,8821
Test,EL,Correct,Correct,Correct,Correct,Correct,Correct,135,1604,2110,848,657,8285
Test,EL,Correct,Correct,Correct,Correct,Correct,Correct,419,1605,2157,1852,574,26766
Test,EL,Correct,Correct,Correct,Correct,Correct,Correct,104,1445,1643,700,496,7288
Test,EL,Correct,Correct,Correct,Correct,Correct,Correct,144,1454,1956,731,777,7287
Test,EL,Correct,Correct,Correct,Correct,Correct,Correct,96,1317,1692,610,446,5575
Test,EL,Correct,Correct,Correct,Correct,Correct,Correct,237,1579,1861,1556,540,25286
Test,EL,Correct,Correct,Correct,Correct,Correct,Correct,404,1640,1962,1642,567,22624
Test,EL,Correct,Correct,Correct,Correct,Correct,Correct,363,1482,1796,617,619,5859
Test,EL,Correct,Correct,Correct,Correct,Correct,Correct,118,1562,1739,626,508,5732
Test,EL,Correct,Correct,Correct,Correct,Correct,Correct,135,1337,1730,592,512,5742
Test,EL,Correct,Correct,Correct,Correct,Correct,Correct,235,1611,1700,1386,644,21027
Test,EL,Correct,Correct,Correct,Correct,Correct,Correct,122,1232,1547,559,455,4585
Test,EL,Correct,Correct,Correct,Correct,Correct,Correct,101,1343,1583,547,543,4790
Test,EL,Correct,Correct,Correct,Correct,Correct,Correct,363,1320,1653,552,801,4586
Test,EL,Correct,Correct,Correct,Correct,Correct,Correct,130,1234,1744,531,521,4598
Test,EL,Correct,Correct,Correct,Correct,Correct,Correct,225,1559,1698,1163,560,16166
Test,EL,Correct,Correct,Correct,Correct,Correct,Correct,95,1405,1539,490,542,3643
Test,EL,Correct,Correct,Correct,Correct,Correct,Correct,13,523,641,93,170,700
Test,EL,Correct,Correct,Correct,Correct,Correct,Correct,296,1364,1488,513,671,2558
Test,EL,Correct,Correct,Correct,Correct,Correct,Correct,4051,3231,3291,2367,1124,7998
Test,EL,Correct,Correct,Correct,Correct,Correct,Correct,2,315,131,26,57,152
Test,EL,Correct,Correct,Correct,Correct,Correct,Correct,4,373,203,41,79,238
Test,EL,Correct,Correct,Correct,Correct,Correct,Correct,422,2300,2540,37529,1020,57517
Test,EL,Correct,Correct,Correct,Correct,Correct,Correct,452,1950,2490,1398,1387,34849
Test,EL,Correct,Correct,Correct,Correct,Correct,Correct,234,1421,1576,1010,1004,8781
Test,EL,Correct,Correct,Correct,Correct,Correct,Correct,67,1134,1047,280,475,1647
Test,EL,Correct,Correct,Correct,Correct,Correct,Correct,239,1138,1214,383,455,1814
Test,EL,Correct,Correct,Correct,Correct,Correct,Correct,4,370,218,35,72,221
Test,EL,Correct,Correct,Correct,Correct,Correct,Correct,4,270,238,20,40,125
Test,EL,Correct,Correct,Correct,Correct,Correct,Correct,38,479,356,73,127,406
Test,EL,Correct,Correct,Correct,Correct,Correct,Correct,10,501,383,77,94,581
Test,EL,Correct,Correct,Correct,Correct,Correct,Correct,2673,3053,3749,28926,1077,54752
Test,EL,Correct,Correct,Correct,Correct,Correct,Correct,1,471,237,20,27,110
Test,EL,Correct,Correct,Correct,Correct,Correct,Correct,3,280,89,21,34,117
Test,EL,Correct,Correct,Correct,Correct,Correct,Correct,7,288,102,31,44,174
Test,EL,Correct,Correct,Correct,Correct,Correct,Correct,12,282,101,22,41,115
Test,EL,Correct,Correct,Correct,Correct,Correct,Correct,28,438,289,55,76,367
Test,EL,Correct,Correct,Correct,Correct,Correct,Correct,7,428,305,61,80,364
Test,EL,Correct,Correct,Correct,Correct,Correct,Timeout,952,2635,10786,0,8614,0
Test,EL,Correct,Correct,Correct,Correct,Correct,Correct,108,1129,1266,340,604,2703
Test,EL,Correct,Correct,Correct,Correct,Correct,Correct,18,608,544,139,145,685
